sourceWD	sourceName	intxnName	targetWD	targetName	loc
<http://www.wikidata.org/entity/Q10401194>	"Adenostomocoris pintoi"^^<http://www.w3.org/2001/XMLSchema#string>	<http://purl.obolibrary.org/obo/RO_0002437>	<http://www.wikidata.org/entity/Q5389476>	"Eriophyllum confertiflorum"^^<http://www.w3.org/2001/XMLSchema#string>	"NW of Springville on Balch Park Drive"^^<http://www.w3.org/2001/XMLSchema#string>
<http://www.wikidata.org/entity/Q10417337>	"Arctorthezia occidentalis"^^<http://www.w3.org/2001/XMLSchema#string>	<http://purl.obolibrary.org/obo/RO_0002437>	<http://www.wikidata.org/entity/Q5389476>	"Eriophyllum confertiflorum"^^<http://www.w3.org/2001/XMLSchema#string>	"Corte Madera Creek, near Stanford University"^^<http://www.w3.org/2001/XMLSchema#string>
<http://www.wikidata.org/entity/Q10419459>	"Camissonia californica"^^<http://www.w3.org/2001/XMLSchema#string>	<http://purl.obolibrary.org/obo/RO_0002437>	<http://www.wikidata.org/entity/Q5389476>	"Eriophyllum confertiflorum"^^<http://www.w3.org/2001/XMLSchema#string>	"Los Padres National Forest, North side of Hwy 33."^^<http://www.w3.org/2001/XMLSchema#string>
<http://www.wikidata.org/entity/Q10450269>	"Chlamydatus monilipes"^^<http://www.w3.org/2001/XMLSchema#string>	<http://purl.obolibrary.org/obo/RO_0002437>	<http://www.wikidata.org/entity/Q5389476>	"Eriophyllum confertiflorum"^^<http://www.w3.org/2001/XMLSchema#string>	"NW of Springville on Wokohl Rd"^^<http://www.w3.org/2001/XMLSchema#string>
<http://www.wikidata.org/entity/Q10465536>	"Dacerla mediospinosa"^^<http://www.w3.org/2001/XMLSchema#string>	<http://purl.obolibrary.org/obo/RO_0002437>	<http://www.wikidata.org/entity/Q5389476>	"Eriophyllum confertiflorum"^^<http://www.w3.org/2001/XMLSchema#string>	"NW of Springville on Balch Park Drive"^^<http://www.w3.org/2001/XMLSchema#string>
<http://www.wikidata.org/entity/Q10488118>	"Eriococcus uvaeursi"^^<http://www.w3.org/2001/XMLSchema#string>	<http://purl.obolibrary.org/obo/RO_0002437>	<http://www.wikidata.org/entity/Q5389476>	"Eriophyllum confertiflorum"^^<http://www.w3.org/2001/XMLSchema#string>	"Permanente Creek"^^<http://www.w3.org/2001/XMLSchema#string>
<http://www.wikidata.org/entity/Q10526123>	"Hoplomachidea consors"^^<http://www.w3.org/2001/XMLSchema#string>	<http://purl.obolibrary.org/obo/RO_0002437>	<http://www.wikidata.org/entity/Q5389476>	"Eriophyllum confertiflorum"^^<http://www.w3.org/2001/XMLSchema#string>	"S of Tehachapi on Water Canyon Rd"^^<http://www.w3.org/2001/XMLSchema#string>
<http://www.wikidata.org/entity/Q10536685>	"Irbisia limata"^^<http://www.w3.org/2001/XMLSchema#string>	<http://purl.obolibrary.org/obo/RO_0002437>	<http://www.wikidata.org/entity/Q5389476>	"Eriophyllum confertiflorum"^^<http://www.w3.org/2001/XMLSchema#string>	"NE of Springville on Bear Creek Rd near Scicon"^^<http://www.w3.org/2001/XMLSchema#string>
<http://www.wikidata.org/entity/Q10536685>	"Irbisia limata"^^<http://www.w3.org/2001/XMLSchema#string>	<http://purl.obolibrary.org/obo/RO_0002437>	<http://www.wikidata.org/entity/Q5389476>	"Eriophyllum confertiflorum"^^<http://www.w3.org/2001/XMLSchema#string>	"NW of Springville on Balch Park Drive"^^<http://www.w3.org/2001/XMLSchema#string>
<http://www.wikidata.org/entity/Q10569699>	"Lopidea fuscosa"^^<http://www.w3.org/2001/XMLSchema#string>	<http://purl.obolibrary.org/obo/RO_0002437>	<http://www.wikidata.org/entity/Q5389476>	"Eriophyllum confertiflorum"^^<http://www.w3.org/2001/XMLSchema#string>	"S of Tehachapi on Water Canyon Rd"^^<http://www.w3.org/2001/XMLSchema#string>
<http://www.wikidata.org/entity/Q10569711>	"Lopidea marginata"^^<http://www.w3.org/2001/XMLSchema#string>	<http://purl.obolibrary.org/obo/RO_0002437>	<http://www.wikidata.org/entity/Q5389476>	"Eriophyllum confertiflorum"^^<http://www.w3.org/2001/XMLSchema#string>	"NW of Springville on Balch Park Drive"^^<http://www.w3.org/2001/XMLSchema#string>
<http://www.wikidata.org/entity/Q10574927>	"Macrotylus tristis"^^<http://www.w3.org/2001/XMLSchema#string>	<http://purl.obolibrary.org/obo/RO_0002437>	<http://www.wikidata.org/entity/Q5389476>	"Eriophyllum confertiflorum"^^<http://www.w3.org/2001/XMLSchema#string>	"NW of Springville on Wokohl Rd"^^<http://www.w3.org/2001/XMLSchema#string>
<http://www.wikidata.org/entity/Q10607676>	"Oeclidius nanus"^^<http://www.w3.org/2001/XMLSchema#string>	<http://purl.obolibrary.org/obo/RO_0002437>	<http://www.wikidata.org/entity/Q5389476>	"Eriophyllum confertiflorum"^^<http://www.w3.org/2001/XMLSchema#string>	"Mt Tamalpais, near reservoir"^^<http://www.w3.org/2001/XMLSchema#string>
<http://www.wikidata.org/entity/Q10615095>	"Pagaronia tredecimpunctata"^^<http://www.w3.org/2001/XMLSchema#string>	<http://purl.obolibrary.org/obo/RO_0002437>	<http://www.wikidata.org/entity/Q5389476>	"Eriophyllum confertiflorum"^^<http://www.w3.org/2001/XMLSchema#string>	"Puente Hills"^^<http://www.w3.org/2001/XMLSchema#string>
<http://www.wikidata.org/entity/Q10632723>	"Plagiognathus verticalis"^^<http://www.w3.org/2001/XMLSchema#string>	<http://purl.obolibrary.org/obo/RO_0002437>	<http://www.wikidata.org/entity/Q5389476>	"Eriophyllum confertiflorum"^^<http://www.w3.org/2001/XMLSchema#string>	"NE of Springville on Bear Creek Rd near Scicon"^^<http://www.w3.org/2001/XMLSchema#string>
<http://www.wikidata.org/entity/Q10632723>	"Plagiognathus verticalis"^^<http://www.w3.org/2001/XMLSchema#string>	<http://purl.obolibrary.org/obo/RO_0002437>	<http://www.wikidata.org/entity/Q5389476>	"Eriophyllum confertiflorum"^^<http://www.w3.org/2001/XMLSchema#string>	"NW of Springville on Balch Park Drive"^^<http://www.w3.org/2001/XMLSchema#string>
<http://www.wikidata.org/entity/Q10632723>	"Plagiognathus verticalis"^^<http://www.w3.org/2001/XMLSchema#string>	<http://purl.obolibrary.org/obo/RO_0002437>	<http://www.wikidata.org/entity/Q5389476>	"Eriophyllum confertiflorum"^^<http://www.w3.org/2001/XMLSchema#string>	"W of Mariposa on Old Toll Rd"^^<http://www.w3.org/2001/XMLSchema#string>
<http://www.wikidata.org/entity/Q10682003>	"Strophopoda aprica"^^<http://www.w3.org/2001/XMLSchema#string>	<http://purl.obolibrary.org/obo/RO_0002437>	<http://www.wikidata.org/entity/Q5389476>	"Eriophyllum confertiflorum"^^<http://www.w3.org/2001/XMLSchema#string>	"NE of Springville on Bear Creek Rd near Scicon"^^<http://www.w3.org/2001/XMLSchema#string>
<http://www.wikidata.org/entity/Q107463845>	"Bombyliidae"^^<http://www.w3.org/2001/XMLSchema#string>	<http://purl.obolibrary.org/obo/RO_0002437>	<http://www.wikidata.org/entity/Q5389476>	"Eriophyllum confertiflorum"^^<http://www.w3.org/2001/XMLSchema#string>	"~50m up dirt road Tunnel Trail; Mission Canyon"^^<http://www.w3.org/2001/XMLSchema#string>
<http://www.wikidata.org/entity/Q107619436>	"Elymus glaucus subsp. glaucus"^^<http://www.w3.org/2001/XMLSchema#string>	<http://purl.obolibrary.org/obo/RO_0002437>	<http://www.wikidata.org/entity/Q5389476>	"Eriophyllum confertiflorum"^^<http://www.w3.org/2001/XMLSchema#string>	"1.5 miles from end of Tunnel Road."^^<http://www.w3.org/2001/XMLSchema#string>
<http://www.wikidata.org/entity/Q108375383>	"Sirosperma floridana"^^<http://www.w3.org/2001/XMLSchema#string>	<http://purl.obolibrary.org/obo/RO_0002454>	<http://www.wikidata.org/entity/Q234126>	"Aegle marmelos"^^<http://www.w3.org/2001/XMLSchema#string>	"Homestead, Dade Co."^^<http://www.w3.org/2001/XMLSchema#string>
<http://www.wikidata.org/entity/Q108375383>	"Sirosperma floridana"^^<http://www.w3.org/2001/XMLSchema#string>	<http://purl.obolibrary.org/obo/RO_0002454>	<http://www.wikidata.org/entity/Q234126>	"Aegle marmelos"^^<http://www.w3.org/2001/XMLSchema#string>	"Homestead, Dade Co. Subtropical Experiment Station"^^<http://www.w3.org/2001/XMLSchema#string>
<http://www.wikidata.org/entity/Q108459302>	"Uredo brachylaenae"^^<http://www.w3.org/2001/XMLSchema#string>	<http://purl.obolibrary.org/obo/RO_0002454>	<http://www.wikidata.org/entity/Q4953462>	"Brachylaena discolor"^^<http://www.w3.org/2001/XMLSchema#string>	"Eastern Cape, S of East London"^^<http://www.w3.org/2001/XMLSchema#string>
<http://www.wikidata.org/entity/Q10890646>	"Avena fatua var. glabrata"^^<http://www.w3.org/2001/XMLSchema#string>	<http://purl.obolibrary.org/obo/RO_0002437>	<http://www.wikidata.org/entity/Q5389476>	"Eriophyllum confertiflorum"^^<http://www.w3.org/2001/XMLSchema#string>	"100 yds W of Camino Del Sur on Madrid Rd; Isla Vista, Goleta."^^<http://www.w3.org/2001/XMLSchema#string>
<http://www.wikidata.org/entity/Q129544>	"Dugong dugon"^^<http://www.w3.org/2001/XMLSchema#string>	<http://purl.obolibrary.org/obo/RO_0002470>	<http://www.wikidata.org/entity/Q312094>	"Avicennia marina"^^<http://www.w3.org/2001/XMLSchema#string>	"Papua New Guinea|"^^<http://www.w3.org/2001/XMLSchema#string>
<http://www.wikidata.org/entity/Q146677>	"Calystegia peirsonii"^^<http://www.w3.org/2001/XMLSchema#string>	<http://purl.obolibrary.org/obo/RO_0002437>	<http://www.wikidata.org/entity/Q5389476>	"Eriophyllum confertiflorum"^^<http://www.w3.org/2001/XMLSchema#string>	"SW Region, Western Transverse Ranges, Liebre Mountains, Sierra Pelona, Rush Canyon, along dirt road to Rowher ORV Area, Angeles NF, Waypoint 400; Green Valley, Calif. topo quad.; NE1/4NW1/4 S19, T5N R14W San Bernardino Base Meridian.; 34.50882°N, 119.38967°W [Note: The coordinates provided on the sheet did not match with the locality described, and may have been a typo. The longitude (-118.389670) appears to match with the locality described, instead of 119.38967]"^^<http://www.w3.org/2001/XMLSchema#string>
<http://www.wikidata.org/entity/Q146677>	"Calystegia peirsonii"^^<http://www.w3.org/2001/XMLSchema#string>	<http://purl.obolibrary.org/obo/RO_0002437>	<http://www.wikidata.org/entity/Q848784>	"Centaurea melitensis"^^<http://www.w3.org/2001/XMLSchema#string>	"SW Region, Western Transverse Ranges, Liebre Mountains, Sierra Pelona, Rush Canyon, along dirt road to Rowher ORV Area, Angeles NF, Waypoint 400; Green Valley, Calif. topo quad.; NE1/4NW1/4 S19, T5N R14W San Bernardino Base Meridian.; 34.50882°N, 119.38967°W [Note: The coordinates provided on the sheet did not match with the locality described, and may have been a typo. The longitude (-118.389670) appears to match with the locality described, instead of 119.38967]"^^<http://www.w3.org/2001/XMLSchema#string>
<http://www.wikidata.org/entity/Q15389017>	"Allophyllum glutinosum"^^<http://www.w3.org/2001/XMLSchema#string>	<http://purl.obolibrary.org/obo/RO_0002437>	<http://www.wikidata.org/entity/Q5389476>	"Eriophyllum confertiflorum"^^<http://www.w3.org/2001/XMLSchema#string>	"300 yards north on the ridge at the north end of Seahorn Dr; Sunset Mesa, Malibu."^^<http://www.w3.org/2001/XMLSchema#string>
<http://www.wikidata.org/entity/Q15389135>	"Allophyllum integrifolium"^^<http://www.w3.org/2001/XMLSchema#string>	<http://purl.obolibrary.org/obo/RO_0002437>	<http://www.wikidata.org/entity/Q5389476>	"Eriophyllum confertiflorum"^^<http://www.w3.org/2001/XMLSchema#string>	"San Guillermo Mountain, Pine Springs Creek S side of Pine Springs Campground."^^<http://www.w3.org/2001/XMLSchema#string>
<http://www.wikidata.org/entity/Q15393668>	"Navarretia peninsularis"^^<http://www.w3.org/2001/XMLSchema#string>	<http://purl.obolibrary.org/obo/RO_0002437>	<http://www.wikidata.org/entity/Q5389476>	"Eriophyllum confertiflorum"^^<http://www.w3.org/2001/XMLSchema#string>	"San Guillermo Mountain, Pine Springs Creek S side of Pine Springs Campground."^^<http://www.w3.org/2001/XMLSchema#string>
<http://www.wikidata.org/entity/Q15490404>	"Acmispon glaber"^^<http://www.w3.org/2001/XMLSchema#string>	<http://purl.obolibrary.org/obo/RO_0002437>	<http://www.wikidata.org/entity/Q5389476>	"Eriophyllum confertiflorum"^^<http://www.w3.org/2001/XMLSchema#string>	"El Capitán State Beach, eastern edge of park south of Hwy 101 on bluff top"^^<http://www.w3.org/2001/XMLSchema#string>
<http://www.wikidata.org/entity/Q15519895>	"Acmispon argophyllus"^^<http://www.w3.org/2001/XMLSchema#string>	<http://purl.obolibrary.org/obo/RO_0002437>	<http://www.wikidata.org/entity/Q5389476>	"Eriophyllum confertiflorum"^^<http://www.w3.org/2001/XMLSchema#string>	"Along Whittaker Peak Road/FS Road 6N53B, Waypoint 394A."^^<http://www.w3.org/2001/XMLSchema#string>
<http://www.wikidata.org/entity/Q15552138>	"Logfia filaginoides"^^<http://www.w3.org/2001/XMLSchema#string>	<http://purl.obolibrary.org/obo/RO_0002437>	<http://www.wikidata.org/entity/Q5389476>	"Eriophyllum confertiflorum"^^<http://www.w3.org/2001/XMLSchema#string>	"SW Calif, Western Transverse Ranges, Ojai Valley, McDonald Creek drainage, Camp Ramah Retreat Center, WNW of; Matilija, Calif. topo Quad.; NE1/4NE1/4 S3, T4N R23W San Bernardino Base Meridian."^^<http://www.w3.org/2001/XMLSchema#string>
<http://www.wikidata.org/entity/Q15552138>	"Logfia filaginoides"^^<http://www.w3.org/2001/XMLSchema#string>	<http://purl.obolibrary.org/obo/RO_0002437>	<http://www.wikidata.org/entity/Q848784>	"Centaurea melitensis"^^<http://www.w3.org/2001/XMLSchema#string>	"SW Calif, Western Transverse Ranges, Ojai Valley, McDonald Creek drainage, Camp Ramah Retreat Center, WNW of; Matilija, Calif. topo Quad.; NE1/4NE1/4 S3, T4N R23W San Bernardino Base Meridian."^^<http://www.w3.org/2001/XMLSchema#string>
<http://www.wikidata.org/entity/Q15586043>	"Myriopteris covillei"^^<http://www.w3.org/2001/XMLSchema#string>	<http://purl.obolibrary.org/obo/RO_0002437>	<http://www.wikidata.org/entity/Q5389476>	"Eriophyllum confertiflorum"^^<http://www.w3.org/2001/XMLSchema#string>	"SW Calif, Western Transverse Ranges, Dry Lakes Ridge, N side SR33 at milepost 39.50; Wheeler Springs, Calif. topo Quad.; SE1/4NE1/4 S132, T5N R23W San Bernardino Base Meridian."^^<http://www.w3.org/2001/XMLSchema#string>
<http://www.wikidata.org/entity/Q158610>	"Chenopodium album"^^<http://www.w3.org/2001/XMLSchema#string>	<http://purl.obolibrary.org/obo/RO_0002437>	<http://www.wikidata.org/entity/Q5389476>	"Eriophyllum confertiflorum"^^<http://www.w3.org/2001/XMLSchema#string>	"San Guillermo Mountain, Pine Springs Creek S side of Pine Springs Campground."^^<http://www.w3.org/2001/XMLSchema#string>
<http://www.wikidata.org/entity/Q160123>	"Clarkia unguiculata"^^<http://www.w3.org/2001/XMLSchema#string>	<http://purl.obolibrary.org/obo/RO_0002437>	<http://www.wikidata.org/entity/Q5389476>	"Eriophyllum confertiflorum"^^<http://www.w3.org/2001/XMLSchema#string>	"SW Region, Western Transverse Ranges, Liebre Mountains, Sierra Pelona, Rush Canyon, along dirt road to Rowher ORV Area, Angeles NF, Waypoint 400; Green Valley, Calif. topo quad.; NE1/4NW1/4 S19, T5N R14W San Bernardino Base Meridian.; 34.50882 -119.38967"^^<http://www.w3.org/2001/XMLSchema#string>
<http://www.wikidata.org/entity/Q160123>	"Clarkia unguiculata"^^<http://www.w3.org/2001/XMLSchema#string>	<http://purl.obolibrary.org/obo/RO_0002437>	<http://www.wikidata.org/entity/Q848784>	"Centaurea melitensis"^^<http://www.w3.org/2001/XMLSchema#string>	"SW Region, Western Transverse Ranges, Liebre Mountains, Sierra Pelona, Rush Canyon, along dirt road to Rowher ORV Area, Angeles NF, Waypoint 400; Green Valley, Calif. topo quad.; NE1/4NW1/4 S19, T5N R14W San Bernardino Base Meridian.; 34.50882 -119.38967"^^<http://www.w3.org/2001/XMLSchema#string>
<http://www.wikidata.org/entity/Q162214>	"Bromus carinatus"^^<http://www.w3.org/2001/XMLSchema#string>	<http://purl.obolibrary.org/obo/RO_0002437>	<http://www.wikidata.org/entity/Q5389476>	"Eriophyllum confertiflorum"^^<http://www.w3.org/2001/XMLSchema#string>	"2.0 km NW of jct between Hwy 74 and Main Divide Truck Trail."^^<http://www.w3.org/2001/XMLSchema#string>
<http://www.wikidata.org/entity/Q1897331>	"Datura wrightii"^^<http://www.w3.org/2001/XMLSchema#string>	<http://purl.obolibrary.org/obo/RO_0002437>	<http://www.wikidata.org/entity/Q848784>	"Centaurea melitensis"^^<http://www.w3.org/2001/XMLSchema#string>	"Ventura Land Trust Hayden Preserve. North side of Cañada Larga Road just east of Hwy 33. Western part of preserve, adjacent to road west of entrance."^^<http://www.w3.org/2001/XMLSchema#string>
<http://www.wikidata.org/entity/Q1957873>	"Melissodes lupina"^^<http://www.w3.org/2001/XMLSchema#string>	<http://purl.obolibrary.org/obo/RO_0002437>	<http://www.wikidata.org/entity/Q848784>	"Centaurea melitensis"^^<http://www.w3.org/2001/XMLSchema#string>	"Casa Way"^^<http://www.w3.org/2001/XMLSchema#string>
<http://www.wikidata.org/entity/Q1976036>	"Lasioglossum actinosum"^^<http://www.w3.org/2001/XMLSchema#string>	<http://purl.obolibrary.org/obo/RO_0002437>	<http://www.wikidata.org/entity/Q5389476>	"Eriophyllum confertiflorum"^^<http://www.w3.org/2001/XMLSchema#string>	"Cedar Ridge Park"^^<http://www.w3.org/2001/XMLSchema#string>
<http://www.wikidata.org/entity/Q1991345>	"Osmia texana"^^<http://www.w3.org/2001/XMLSchema#string>	<http://purl.obolibrary.org/obo/RO_0002437>	<http://www.wikidata.org/entity/Q5389476>	"Eriophyllum confertiflorum"^^<http://www.w3.org/2001/XMLSchema#string>	"4 mi SW of Greenfield"^^<http://www.w3.org/2001/XMLSchema#string>
<http://www.wikidata.org/entity/Q1991345>	"Osmia texana"^^<http://www.w3.org/2001/XMLSchema#string>	<http://purl.obolibrary.org/obo/RO_0002437>	<http://www.wikidata.org/entity/Q5389476>	"Eriophyllum confertiflorum"^^<http://www.w3.org/2001/XMLSchema#string>	"Greenfield"^^<http://www.w3.org/2001/XMLSchema#string>
<http://www.wikidata.org/entity/Q2019653>	"Ceratina acantha"^^<http://www.w3.org/2001/XMLSchema#string>	<http://purl.obolibrary.org/obo/RO_0002437>	<http://www.wikidata.org/entity/Q848784>	"Centaurea melitensis"^^<http://www.w3.org/2001/XMLSchema#string>	"Casa Way"^^<http://www.w3.org/2001/XMLSchema#string>
<http://www.wikidata.org/entity/Q2050318>	"Micralictoides altadenae"^^<http://www.w3.org/2001/XMLSchema#string>	<http://purl.obolibrary.org/obo/RO_0002437>	<http://www.wikidata.org/entity/Q5389476>	"Eriophyllum confertiflorum"^^<http://www.w3.org/2001/XMLSchema#string>	"Altadena"^^<http://www.w3.org/2001/XMLSchema#string>
<http://www.wikidata.org/entity/Q2050318>	"Micralictoides altadenae"^^<http://www.w3.org/2001/XMLSchema#string>	<http://purl.obolibrary.org/obo/RO_0002437>	<http://www.wikidata.org/entity/Q5389476>	"Eriophyllum confertiflorum"^^<http://www.w3.org/2001/XMLSchema#string>	"Eagle Rock"^^<http://www.w3.org/2001/XMLSchema#string>
<http://www.wikidata.org/entity/Q21155494>	"Calochortus clavatus var. pallidus"^^<http://www.w3.org/2001/XMLSchema#string>	<http://purl.obolibrary.org/obo/RO_0002437>	<http://www.wikidata.org/entity/Q5389476>	"Eriophyllum confertiflorum"^^<http://www.w3.org/2001/XMLSchema#string>	"Along South Mountain Road, S of Santa Paula, between mile posts 1 and 2.5, S side of the road."^^<http://www.w3.org/2001/XMLSchema#string>
<http://www.wikidata.org/entity/Q21314010>	"Puccinia subcoronata"^^<http://www.w3.org/2001/XMLSchema#string>	<http://purl.obolibrary.org/obo/RO_0002454>	<http://www.wikidata.org/entity/Q15623187>	"Cyperus diffusus"^^<http://www.w3.org/2001/XMLSchema#string>	"France Field"^^<http://www.w3.org/2001/XMLSchema#string>
<http://www.wikidata.org/entity/Q21314010>	"Puccinia subcoronata"^^<http://www.w3.org/2001/XMLSchema#string>	<http://purl.obolibrary.org/obo/RO_0002454>	<http://www.wikidata.org/entity/Q15623187>	"Cyperus diffusus"^^<http://www.w3.org/2001/XMLSchema#string>	"Gatun"^^<http://www.w3.org/2001/XMLSchema#string>
<http://www.wikidata.org/entity/Q21314010>	"Puccinia subcoronata"^^<http://www.w3.org/2001/XMLSchema#string>	<http://purl.obolibrary.org/obo/RO_0002454>	<http://www.wikidata.org/entity/Q15623187>	"Cyperus diffusus"^^<http://www.w3.org/2001/XMLSchema#string>	"Mandingo"^^<http://www.w3.org/2001/XMLSchema#string>
<http://www.wikidata.org/entity/Q21314010>	"Puccinia subcoronata"^^<http://www.w3.org/2001/XMLSchema#string>	<http://purl.obolibrary.org/obo/RO_0002454>	<http://www.wikidata.org/entity/Q15623187>	"Cyperus diffusus"^^<http://www.w3.org/2001/XMLSchema#string>	"Paitilla Pt."^^<http://www.w3.org/2001/XMLSchema#string>
<http://www.wikidata.org/entity/Q21314010>	"Puccinia subcoronata"^^<http://www.w3.org/2001/XMLSchema#string>	<http://purl.obolibrary.org/obo/RO_0002454>	<http://www.wikidata.org/entity/Q15623187>	"Cyperus diffusus"^^<http://www.w3.org/2001/XMLSchema#string>	"Rio de Janeiro"^^<http://www.w3.org/2001/XMLSchema#string>
<http://www.wikidata.org/entity/Q21314010>	"Puccinia subcoronata"^^<http://www.w3.org/2001/XMLSchema#string>	<http://purl.obolibrary.org/obo/RO_0002454>	<http://www.wikidata.org/entity/Q15623187>	"Cyperus diffusus"^^<http://www.w3.org/2001/XMLSchema#string>	"San Juan"^^<http://www.w3.org/2001/XMLSchema#string>
<http://www.wikidata.org/entity/Q21314010>	"Puccinia subcoronata"^^<http://www.w3.org/2001/XMLSchema#string>	<http://purl.obolibrary.org/obo/RO_0002454>	<http://www.wikidata.org/entity/Q15623187>	"Cyperus diffusus"^^<http://www.w3.org/2001/XMLSchema#string>	"St. Augustine"^^<http://www.w3.org/2001/XMLSchema#string>
<http://www.wikidata.org/entity/Q21314010>	"Puccinia subcoronata"^^<http://www.w3.org/2001/XMLSchema#string>	<http://purl.obolibrary.org/obo/RO_0002454>	<http://www.wikidata.org/entity/Q15623187>	"Cyperus diffusus"^^<http://www.w3.org/2001/XMLSchema#string>	"Tumatumari"^^<http://www.w3.org/2001/XMLSchema#string>
<http://www.wikidata.org/entity/Q21322084>	"Puccinia centaureae"^^<http://www.w3.org/2001/XMLSchema#string>	<http://purl.obolibrary.org/obo/RO_0002454>	<http://www.wikidata.org/entity/Q848784>	"Centaurea melitensis"^^<http://www.w3.org/2001/XMLSchema#string>	"Madrid"^^<http://www.w3.org/2001/XMLSchema#string>
<http://www.wikidata.org/entity/Q21322084>	"Puccinia centaureae"^^<http://www.w3.org/2001/XMLSchema#string>	<http://purl.obolibrary.org/obo/RO_0002454>	<http://www.wikidata.org/entity/Q848784>	"Centaurea melitensis"^^<http://www.w3.org/2001/XMLSchema#string>	"Surroundings of Madrid"^^<http://www.w3.org/2001/XMLSchema#string>
<http://www.wikidata.org/entity/Q21323212>	"Puccinia antioquiensis"^^<http://www.w3.org/2001/XMLSchema#string>	<http://purl.obolibrary.org/obo/RO_0002220>	<http://www.wikidata.org/entity/Q15623187>	"Cyperus diffusus"^^<http://www.w3.org/2001/XMLSchema#string>	"Moruga"^^<http://www.w3.org/2001/XMLSchema#string>
<http://www.wikidata.org/entity/Q21323212>	"Puccinia antioquiensis"^^<http://www.w3.org/2001/XMLSchema#string>	<http://purl.obolibrary.org/obo/RO_0002454>	<http://www.wikidata.org/entity/Q15623187>	"Cyperus diffusus"^^<http://www.w3.org/2001/XMLSchema#string>	"Cuyamel"^^<http://www.w3.org/2001/XMLSchema#string>
<http://www.wikidata.org/entity/Q21323212>	"Puccinia antioquiensis"^^<http://www.w3.org/2001/XMLSchema#string>	<http://purl.obolibrary.org/obo/RO_0002454>	<http://www.wikidata.org/entity/Q15623187>	"Cyperus diffusus"^^<http://www.w3.org/2001/XMLSchema#string>	"Lancetilla Valley, near Teia, Department of Atlantida alt. 20 to 600 meters"^^<http://www.w3.org/2001/XMLSchema#string>
<http://www.wikidata.org/entity/Q21323212>	"Puccinia antioquiensis"^^<http://www.w3.org/2001/XMLSchema#string>	<http://purl.obolibrary.org/obo/RO_0002454>	<http://www.wikidata.org/entity/Q15623187>	"Cyperus diffusus"^^<http://www.w3.org/2001/XMLSchema#string>	"Moruga"^^<http://www.w3.org/2001/XMLSchema#string>
<http://www.wikidata.org/entity/Q21323212>	"Puccinia antioquiensis"^^<http://www.w3.org/2001/XMLSchema#string>	<http://purl.obolibrary.org/obo/RO_0002454>	<http://www.wikidata.org/entity/Q15623187>	"Cyperus diffusus"^^<http://www.w3.org/2001/XMLSchema#string>	"Moruga, Trinidad"^^<http://www.w3.org/2001/XMLSchema#string>
<http://www.wikidata.org/entity/Q21323212>	"Puccinia antioquiensis"^^<http://www.w3.org/2001/XMLSchema#string>	<http://purl.obolibrary.org/obo/RO_0002454>	<http://www.wikidata.org/entity/Q15623187>	"Cyperus diffusus"^^<http://www.w3.org/2001/XMLSchema#string>	"Parismina Junction"^^<http://www.w3.org/2001/XMLSchema#string>
<http://www.wikidata.org/entity/Q21323212>	"Puccinia antioquiensis"^^<http://www.w3.org/2001/XMLSchema#string>	<http://purl.obolibrary.org/obo/RO_0002454>	<http://www.wikidata.org/entity/Q15623187>	"Cyperus diffusus"^^<http://www.w3.org/2001/XMLSchema#string>	"Tumatumari"^^<http://www.w3.org/2001/XMLSchema#string>
<http://www.wikidata.org/entity/Q21438872>	"Acmaeodera"^^<http://www.w3.org/2001/XMLSchema#string>	<http://purl.obolibrary.org/obo/RO_0002437>	<http://www.wikidata.org/entity/Q5389476>	"Eriophyllum confertiflorum"^^<http://www.w3.org/2001/XMLSchema#string>	"~200m up Tunnel Trail; Mission Canyon"^^<http://www.w3.org/2001/XMLSchema#string>
<http://www.wikidata.org/entity/Q22671>	"Coleoptera"^^<http://www.w3.org/2001/XMLSchema#string>	<http://purl.obolibrary.org/obo/RO_0002437>	<http://www.wikidata.org/entity/Q5389476>	"Eriophyllum confertiflorum"^^<http://www.w3.org/2001/XMLSchema#string>	"~200m up Tunnel Trail; Mission Canyon"^^<http://www.w3.org/2001/XMLSchema#string>
<http://www.wikidata.org/entity/Q2303662>	"Andrena candida"^^<http://www.w3.org/2001/XMLSchema#string>	<http://purl.obolibrary.org/obo/RO_0002437>	<http://www.wikidata.org/entity/Q5389476>	"Eriophyllum confertiflorum"^^<http://www.w3.org/2001/XMLSchema#string>	"Crestridge Ecological Reserve"^^<http://www.w3.org/2001/XMLSchema#string>
<http://www.wikidata.org/entity/Q2455153>	"Lepturinae"^^<http://www.w3.org/2001/XMLSchema#string>	<http://purl.obolibrary.org/obo/RO_0002437>	<http://www.wikidata.org/entity/Q5389476>	"Eriophyllum confertiflorum"^^<http://www.w3.org/2001/XMLSchema#string>	"~200m up Tunnel Trail; Mission Canyon"^^<http://www.w3.org/2001/XMLSchema#string>
<http://www.wikidata.org/entity/Q24692717>	"Calochortus clavatus var. clavatus"^^<http://www.w3.org/2001/XMLSchema#string>	<http://purl.obolibrary.org/obo/RO_0002437>	<http://www.wikidata.org/entity/Q5389476>	"Eriophyllum confertiflorum"^^<http://www.w3.org/2001/XMLSchema#string>	"SW Calif, Western Transverse Ranges, Hasley Canyon, road just W of Romeo Canyon, next to fire hydrant (above it) 30120 Hasley Canyon Road, Waypoint 380; Val Verde, Calif. topo Quad.; NE1/4 NE1/4 S1, T4N R17W San Bernardino Base Meridian."^^<http://www.w3.org/2001/XMLSchema#string>
<http://www.wikidata.org/entity/Q24694209>	"Drymocallis glandulosa var. wrangelliana"^^<http://www.w3.org/2001/XMLSchema#string>	<http://purl.obolibrary.org/obo/RO_0002437>	<http://www.wikidata.org/entity/Q5389476>	"Eriophyllum confertiflorum"^^<http://www.w3.org/2001/XMLSchema#string>	"East end of Sulphur Mountain, SW of Thomas Aquinas College. Private land (owned by Tom Dudley's family) accessed by East Sulphur Mountain Road via the gate at Limoneira citrus orchard along Hwy 150."^^<http://www.w3.org/2001/XMLSchema#string>
<http://www.wikidata.org/entity/Q2483447>	"Bombus vosnesenskii"^^<http://www.w3.org/2001/XMLSchema#string>	<http://purl.obolibrary.org/obo/RO_0002437>	<http://www.wikidata.org/entity/Q5389476>	"Eriophyllum confertiflorum"^^<http://www.w3.org/2001/XMLSchema#string>	"UCSB North Campus Open Space"^^<http://www.w3.org/2001/XMLSchema#string>
<http://www.wikidata.org/entity/Q2593813>	"Hoplitis albifrons"^^<http://www.w3.org/2001/XMLSchema#string>	<http://purl.obolibrary.org/obo/RO_0002437>	<http://www.wikidata.org/entity/Q5389476>	"Eriophyllum confertiflorum"^^<http://www.w3.org/2001/XMLSchema#string>	"4 mi SW of Greenfield"^^<http://www.w3.org/2001/XMLSchema#string>
<http://www.wikidata.org/entity/Q2701006>	"Quercus berberidifolia"^^<http://www.w3.org/2001/XMLSchema#string>	<http://purl.obolibrary.org/obo/RO_0002437>	<http://www.wikidata.org/entity/Q5389476>	"Eriophyllum confertiflorum"^^<http://www.w3.org/2001/XMLSchema#string>	"Verdugo Mountains: Brand lateral trail behind the Brand Park Library, ridge west of Idlewood Canyon, where Grandview Ave. and Mountain St. meet in city of Glendale. Following fire break up to main crest (to Beaudry fire road)"^^<http://www.w3.org/2001/XMLSchema#string>
<http://www.wikidata.org/entity/Q2907031>	"Bloomeria crocea"^^<http://www.w3.org/2001/XMLSchema#string>	<http://purl.obolibrary.org/obo/RO_0002437>	<http://www.wikidata.org/entity/Q5389476>	"Eriophyllum confertiflorum"^^<http://www.w3.org/2001/XMLSchema#string>	"SW Region, Western Transverse Ranges, Liebre Mountains, Sierra Pelona, Rush Canyon, along dirt road to Rowher ORV Area, Angeles NF, Waypoint 400; Green Valley, Calif. topo quad.; NE1/4NW1/4 S19, T5N R14W San Bernadino Base Meridian; 34.50882 -119.38967"^^<http://www.w3.org/2001/XMLSchema#string>
<http://www.wikidata.org/entity/Q2907031>	"Bloomeria crocea"^^<http://www.w3.org/2001/XMLSchema#string>	<http://purl.obolibrary.org/obo/RO_0002437>	<http://www.wikidata.org/entity/Q848784>	"Centaurea melitensis"^^<http://www.w3.org/2001/XMLSchema#string>	"SW Region, Western Transverse Ranges, Liebre Mountains, Sierra Pelona, Rush Canyon, along dirt road to Rowher ORV Area, Angeles NF, Waypoint 400; Green Valley, Calif. topo quad.; NE1/4NW1/4 S19, T5N R14W San Bernadino Base Meridian; 34.50882 -119.38967"^^<http://www.w3.org/2001/XMLSchema#string>
<http://www.wikidata.org/entity/Q30034>	"Apis mellifera"^^<http://www.w3.org/2001/XMLSchema#string>	<http://purl.obolibrary.org/obo/RO_0002437>	<http://www.wikidata.org/entity/Q5389476>	"Eriophyllum confertiflorum"^^<http://www.w3.org/2001/XMLSchema#string>	"UCSB North Campus Open Space"^^<http://www.w3.org/2001/XMLSchema#string>
<http://www.wikidata.org/entity/Q305162>	"Puccinia"^^<http://www.w3.org/2001/XMLSchema#string>	<http://purl.obolibrary.org/obo/RO_0002454>	<http://www.wikidata.org/entity/Q15623187>	"Cyperus diffusus"^^<http://www.w3.org/2001/XMLSchema#string>	"Chiriqui Quebrada Cermeno"^^<http://www.w3.org/2001/XMLSchema#string>
<http://www.wikidata.org/entity/Q32338681>	"Amsinckia tessellata var. tessellata"^^<http://www.w3.org/2001/XMLSchema#string>	<http://purl.obolibrary.org/obo/RO_0002437>	<http://www.wikidata.org/entity/Q5389476>	"Eriophyllum confertiflorum"^^<http://www.w3.org/2001/XMLSchema#string>	"SW Region, Western Transverse Ranges, Liebre Mountains, Sierra Pelona, Rush Canyon, along dirt road to Rowher ORV Area, Angeles NF, Waypoint 400; Green Valley, Calif. topo quad.; NE1/4NW1/4 S19, T5N R14W San Bernardino Base Meridian.; 34.50882 -119.38967; 34.50882 -119.38967"^^<http://www.w3.org/2001/XMLSchema#string>
<http://www.wikidata.org/entity/Q32338681>	"Amsinckia tessellata var. tessellata"^^<http://www.w3.org/2001/XMLSchema#string>	<http://purl.obolibrary.org/obo/RO_0002437>	<http://www.wikidata.org/entity/Q848784>	"Centaurea melitensis"^^<http://www.w3.org/2001/XMLSchema#string>	"SW Region, Western Transverse Ranges, Liebre Mountains, Sierra Pelona, Rush Canyon, along dirt road to Rowher ORV Area, Angeles NF, Waypoint 400; Green Valley, Calif. topo quad.; NE1/4NW1/4 S19, T5N R14W San Bernardino Base Meridian.; 34.50882 -119.38967; 34.50882 -119.38967"^^<http://www.w3.org/2001/XMLSchema#string>
<http://www.wikidata.org/entity/Q32343214>	"Astragalus trichopodus var. phoxus"^^<http://www.w3.org/2001/XMLSchema#string>	<http://purl.obolibrary.org/obo/RO_0002437>	<http://www.wikidata.org/entity/Q5389476>	"Eriophyllum confertiflorum"^^<http://www.w3.org/2001/XMLSchema#string>	"East end of Sulphur Mountain, SW of Thomas Aquinas College. Private land (owned by Tom Dudley's family) accessed by East Sulphur Mountain Road via the gate at Limoneira citrus orchard along Hwy 150."^^<http://www.w3.org/2001/XMLSchema#string>
<http://www.wikidata.org/entity/Q32364425>	"Nemacladus secundiflorus var. robbinsii"^^<http://www.w3.org/2001/XMLSchema#string>	<http://purl.obolibrary.org/obo/RO_0002437>	<http://www.wikidata.org/entity/Q5389476>	"Eriophyllum confertiflorum"^^<http://www.w3.org/2001/XMLSchema#string>	"San Guillermo Mountain, Pine Springs Creek S side of Pine Springs Campground."^^<http://www.w3.org/2001/XMLSchema#string>
<http://www.wikidata.org/entity/Q32372000>	"Rhinotropis cornuta var. fishiae"^^<http://www.w3.org/2001/XMLSchema#string>	<http://purl.obolibrary.org/obo/RO_0002437>	<http://www.wikidata.org/entity/Q5389476>	"Eriophyllum confertiflorum"^^<http://www.w3.org/2001/XMLSchema#string>	"East end of Sulphur Mountain, SW of Thomas Aquinas College. Private land (owned by Tom Dudley's family) accessed by East Sulphur Mountain Road via the gate at Limoneira citrus orchard along Hwy 150."^^<http://www.w3.org/2001/XMLSchema#string>
<http://www.wikidata.org/entity/Q32851874>	"Galium nuttallii subsp. nuttallii"^^<http://www.w3.org/2001/XMLSchema#string>	<http://purl.obolibrary.org/obo/RO_0002437>	<http://www.wikidata.org/entity/Q5389476>	"Eriophyllum confertiflorum"^^<http://www.w3.org/2001/XMLSchema#string>	"East end of Sulphur Mountain, SW of Thomas Aquinas College. Private land (owned by Tom Dudley's family) accessed by East Sulphur Mountain Road via the gate at Limoneira citrus orchard along Hwy 150."^^<http://www.w3.org/2001/XMLSchema#string>
<http://www.wikidata.org/entity/Q32852078>	"Gilia leptantha subsp. leptantha"^^<http://www.w3.org/2001/XMLSchema#string>	<http://purl.obolibrary.org/obo/RO_0002437>	<http://www.wikidata.org/entity/Q5389476>	"Eriophyllum confertiflorum"^^<http://www.w3.org/2001/XMLSchema#string>	"Transverse Ranges; San Bernardino Mountains region: Fish Creek, on SW facing gentle slope, on east side of creek."^^<http://www.w3.org/2001/XMLSchema#string>
<http://www.wikidata.org/entity/Q3314656>	"Mimulus aurantiacus"^^<http://www.w3.org/2001/XMLSchema#string>	<http://purl.obolibrary.org/obo/RO_0002437>	<http://www.wikidata.org/entity/Q5389476>	"Eriophyllum confertiflorum"^^<http://www.w3.org/2001/XMLSchema#string>	"San Clemente restoration site."^^<http://www.w3.org/2001/XMLSchema#string>
<http://www.wikidata.org/entity/Q3611540>	"Plantago elongata"^^<http://www.w3.org/2001/XMLSchema#string>	<http://purl.obolibrary.org/obo/RO_0002437>	<http://www.wikidata.org/entity/Q5389476>	"Eriophyllum confertiflorum"^^<http://www.w3.org/2001/XMLSchema#string>	"Western Transverse Ranges; Santa Susana Mountains; Big Mountain (south slope)/ Tapo Canyon tributary (Simi Valley); Big Sky Ranch; Simi Valley East Quad., SW1/4, NE1/4, S26, T3N, R18W, San Bernardino Base Meridian."^^<http://www.w3.org/2001/XMLSchema#string>
<http://www.wikidata.org/entity/Q39570459>	"Stipa lepida"^^<http://www.w3.org/2001/XMLSchema#string>	<http://purl.obolibrary.org/obo/RO_0002437>	<http://www.wikidata.org/entity/Q5389476>	"Eriophyllum confertiflorum"^^<http://www.w3.org/2001/XMLSchema#string>	"East end of Sulphur Mountain, SW of Thomas Aquinas College. Private land (owned by Tom Dudley's family) accessed by East Sulphur Mountain Road via the gate at Limoneira citrus orchard along Hwy 150."^^<http://www.w3.org/2001/XMLSchema#string>
<http://www.wikidata.org/entity/Q4118446>	"Lupinus succulentus"^^<http://www.w3.org/2001/XMLSchema#string>	<http://purl.obolibrary.org/obo/RO_0002437>	<http://www.wikidata.org/entity/Q5389476>	"Eriophyllum confertiflorum"^^<http://www.w3.org/2001/XMLSchema#string>	"Santa Cruz Island, . In ravine below and East of Los Pinos del Sur."^^<http://www.w3.org/2001/XMLSchema#string>
<http://www.wikidata.org/entity/Q4748795>	"Amsinckia menziesii"^^<http://www.w3.org/2001/XMLSchema#string>	<http://purl.obolibrary.org/obo/RO_0002437>	<http://www.wikidata.org/entity/Q5389476>	"Eriophyllum confertiflorum"^^<http://www.w3.org/2001/XMLSchema#string>	"SW Region, Western Transverse Ranges, Liebre Mountains, Sierra Pelona, Rush Canyon, along dirt road to Rowher ORV Area, Angeles NF, Waypoint 400; Green Valley, Calif. topo quad.; NE1/4NW1/4 S19, T5N R14W San Bernadino Base Meridian; 34.50882 -119.38967"^^<http://www.w3.org/2001/XMLSchema#string>
<http://www.wikidata.org/entity/Q4748795>	"Amsinckia menziesii"^^<http://www.w3.org/2001/XMLSchema#string>	<http://purl.obolibrary.org/obo/RO_0002437>	<http://www.wikidata.org/entity/Q848784>	"Centaurea melitensis"^^<http://www.w3.org/2001/XMLSchema#string>	"SW Region, Western Transverse Ranges, Liebre Mountains, Sierra Pelona, Rush Canyon, along dirt road to Rowher ORV Area, Angeles NF, Waypoint 400; Green Valley, Calif. topo quad.; NE1/4NW1/4 S19, T5N R14W San Bernadino Base Meridian; 34.50882 -119.38967"^^<http://www.w3.org/2001/XMLSchema#string>
<http://www.wikidata.org/entity/Q50347640>	"Bromus sitchensis var. carinatus"^^<http://www.w3.org/2001/XMLSchema#string>	<http://purl.obolibrary.org/obo/RO_0002437>	<http://www.wikidata.org/entity/Q5389476>	"Eriophyllum confertiflorum"^^<http://www.w3.org/2001/XMLSchema#string>	"East end of Sulphur Mountain, SW of Thomas Aquinas College. Private land (owned by Tom Dudley's family) accessed by East Sulphur Mountain Road via the gate at Limoneira citrus orchard along Hwy 150."^^<http://www.w3.org/2001/XMLSchema#string>
<http://www.wikidata.org/entity/Q5039087>	"Carex douglasii"^^<http://www.w3.org/2001/XMLSchema#string>	<http://purl.obolibrary.org/obo/RO_0002437>	<http://www.wikidata.org/entity/Q5389476>	"Eriophyllum confertiflorum"^^<http://www.w3.org/2001/XMLSchema#string>	"San Guillermo Mountain, Pine Springs Creek S side of Pine Springs Campground."^^<http://www.w3.org/2001/XMLSchema#string>
<http://www.wikidata.org/entity/Q5049904>	"Castilleja foliolosa"^^<http://www.w3.org/2001/XMLSchema#string>	<http://purl.obolibrary.org/obo/RO_0002437>	<http://www.wikidata.org/entity/Q5389476>	"Eriophyllum confertiflorum"^^<http://www.w3.org/2001/XMLSchema#string>	"SW Region, Western Transverse Ranges, Whitacre Peak, Angeles National Forest, along Old Highway 99 0.82 mi S of Whitacre Summit, Waypoint 392; Whitacre Peak, Calif. topo quad.; NW1/4SW1/4 S29, T4N R17W San Bernardino Base Meridian; 34.57967 118.7057"^^<http://www.w3.org/2001/XMLSchema#string>
<http://www.wikidata.org/entity/Q50750317>	"Macrotylus"^^<http://www.w3.org/2001/XMLSchema#string>	<http://purl.obolibrary.org/obo/RO_0002437>	<http://www.wikidata.org/entity/Q5389476>	"Eriophyllum confertiflorum"^^<http://www.w3.org/2001/XMLSchema#string>	"NE of Springville on Bear Creek Rd near Scicon"^^<http://www.w3.org/2001/XMLSchema#string>
<http://www.wikidata.org/entity/Q50750317>	"Macrotylus"^^<http://www.w3.org/2001/XMLSchema#string>	<http://purl.obolibrary.org/obo/RO_0002437>	<http://www.wikidata.org/entity/Q5389476>	"Eriophyllum confertiflorum"^^<http://www.w3.org/2001/XMLSchema#string>	"NW of Springville on Balch Park Drive"^^<http://www.w3.org/2001/XMLSchema#string>
<http://www.wikidata.org/entity/Q50750317>	"Macrotylus"^^<http://www.w3.org/2001/XMLSchema#string>	<http://purl.obolibrary.org/obo/RO_0002437>	<http://www.wikidata.org/entity/Q5389476>	"Eriophyllum confertiflorum"^^<http://www.w3.org/2001/XMLSchema#string>	"W of Mariposa on Old Toll Rd"^^<http://www.w3.org/2001/XMLSchema#string>
<http://www.wikidata.org/entity/Q5190640>	"Cryptantha intermedia"^^<http://www.w3.org/2001/XMLSchema#string>	<http://purl.obolibrary.org/obo/RO_0002437>	<http://www.wikidata.org/entity/Q5389476>	"Eriophyllum confertiflorum"^^<http://www.w3.org/2001/XMLSchema#string>	"Los Padres National Forest, Northside of Hwy 33. South-facing slope."^^<http://www.w3.org/2001/XMLSchema#string>
<http://www.wikidata.org/entity/Q5221031>	"Solanum xanti"^^<http://www.w3.org/2001/XMLSchema#string>	<http://purl.obolibrary.org/obo/RO_0002437>	<http://www.wikidata.org/entity/Q5389476>	"Eriophyllum confertiflorum"^^<http://www.w3.org/2001/XMLSchema#string>	"Los Padres National Forest, North side of Hwy 33."^^<http://www.w3.org/2001/XMLSchema#string>
<http://www.wikidata.org/entity/Q5252462>	"Deinandra fasciculata"^^<http://www.w3.org/2001/XMLSchema#string>	<http://purl.obolibrary.org/obo/RO_0002437>	<http://www.wikidata.org/entity/Q5389476>	"Eriophyllum confertiflorum"^^<http://www.w3.org/2001/XMLSchema#string>	"SW Region, Western Transverse Ranges, Liebre Mountains, Sierra Pelona, Rush Canyon, along dirt road to Rowher ORV Area, Angeles NF, Waypoint 400; Green Valley, Calif. topo quad.; NE1/4NW1/4 S19, T5N R14W San Bernardino Base Meridian.; 34.50882 -119.38967; 34.50882 -119.38967"^^<http://www.w3.org/2001/XMLSchema#string>
<http://www.wikidata.org/entity/Q5252462>	"Deinandra fasciculata"^^<http://www.w3.org/2001/XMLSchema#string>	<http://purl.obolibrary.org/obo/RO_0002437>	<http://www.wikidata.org/entity/Q848784>	"Centaurea melitensis"^^<http://www.w3.org/2001/XMLSchema#string>	"SW Region, Western Transverse Ranges, Liebre Mountains, Sierra Pelona, Rush Canyon, along dirt road to Rowher ORV Area, Angeles NF, Waypoint 400; Green Valley, Calif. topo quad.; NE1/4NW1/4 S19, T5N R14W San Bernardino Base Meridian.; 34.50882 -119.38967; 34.50882 -119.38967"^^<http://www.w3.org/2001/XMLSchema#string>
<http://www.wikidata.org/entity/Q5254449>	"Delphinium parryi"^^<http://www.w3.org/2001/XMLSchema#string>	<http://purl.obolibrary.org/obo/RO_0002437>	<http://www.wikidata.org/entity/Q5389476>	"Eriophyllum confertiflorum"^^<http://www.w3.org/2001/XMLSchema#string>	"SW Region, Western Transverse Ranges, Liebre Mountains, Sierra Pelona, Rush Canyon, along dirt road to Rowher ORV Area, Angeles NF, Waypoint 400; Green Valley, Calif. topo quad.; NE1/4NW1/4S19, T5N R14W San Bernadino Base Meridian.; 34.50882°N 119.38967°W [Note: The coordinates provided on the sheet did not match with the locality described, and may have been a typo. The longitude (-118.389670) appears to match with the locality described, instead of 119.38967]"^^<http://www.w3.org/2001/XMLSchema#string>
<http://www.wikidata.org/entity/Q5254449>	"Delphinium parryi"^^<http://www.w3.org/2001/XMLSchema#string>	<http://purl.obolibrary.org/obo/RO_0002437>	<http://www.wikidata.org/entity/Q848784>	"Centaurea melitensis"^^<http://www.w3.org/2001/XMLSchema#string>	"SW Region, Western Transverse Ranges, Liebre Mountains, Sierra Pelona, Rush Canyon, along dirt road to Rowher ORV Area, Angeles NF, Waypoint 400; Green Valley, Calif. topo quad.; NE1/4NW1/4S19, T5N R14W San Bernadino Base Meridian.; 34.50882°N 119.38967°W [Note: The coordinates provided on the sheet did not match with the locality described, and may have been a typo. The longitude (-118.389670) appears to match with the locality described, instead of 119.38967]"^^<http://www.w3.org/2001/XMLSchema#string>
<http://www.wikidata.org/entity/Q5387966>	"Ericameria arborescens"^^<http://www.w3.org/2001/XMLSchema#string>	<http://purl.obolibrary.org/obo/RO_0002437>	<http://www.wikidata.org/entity/Q5389476>	"Eriophyllum confertiflorum"^^<http://www.w3.org/2001/XMLSchema#string>	"SW Region, Western Transverse Ranges, Liebre Mountains, Sierra Pelona, Rush Canyon, along dirt road to Rowher ORV Area, Angeles NF, Waypoint 400; Green Valley, Calif. topo quad.; NE1/4NW1/4 S19, T5N R14W San Bernardino Base Meridian; 34.50882°N, 119.38967°W."^^<http://www.w3.org/2001/XMLSchema#string>
<http://www.wikidata.org/entity/Q5396320>	"Erynnis funeralis"^^<http://www.w3.org/2001/XMLSchema#string>	<http://purl.obolibrary.org/obo/RO_0002437>	<http://www.wikidata.org/entity/Q848784>	"Centaurea melitensis"^^<http://www.w3.org/2001/XMLSchema#string>	"Crestridge Ecological Reserve"^^<http://www.w3.org/2001/XMLSchema#string>
<http://www.wikidata.org/entity/Q5504788>	"Fritillaria ojaiensis"^^<http://www.w3.org/2001/XMLSchema#string>	<http://purl.obolibrary.org/obo/RO_0002437>	<http://www.wikidata.org/entity/Q5389476>	"Eriophyllum confertiflorum"^^<http://www.w3.org/2001/XMLSchema#string>	"Nordhoff Ridge, along Gridley Trail."^^<http://www.w3.org/2001/XMLSchema#string>
<http://www.wikidata.org/entity/Q5504788>	"Fritillaria ojaiensis"^^<http://www.w3.org/2001/XMLSchema#string>	<http://purl.obolibrary.org/obo/RO_0002437>	<http://www.wikidata.org/entity/Q5389476>	"Eriophyllum confertiflorum"^^<http://www.w3.org/2001/XMLSchema#string>	"Topatopa Mtns. Gridley Trail, about 2 mi north of Gridley Rd.; 34.497639 -119.230756"^^<http://www.w3.org/2001/XMLSchema#string>
<http://www.wikidata.org/entity/Q551930>	"Pteropus poliocephalus"^^<http://www.w3.org/2001/XMLSchema#string>	<http://purl.obolibrary.org/obo/RO_0002470>	<http://www.wikidata.org/entity/Q312094>	"Avicennia marina"^^<http://www.w3.org/2001/XMLSchema#string>	"Gordon"^^<http://www.w3.org/2001/XMLSchema#string>
<http://www.wikidata.org/entity/Q551930>	"Pteropus poliocephalus"^^<http://www.w3.org/2001/XMLSchema#string>	<http://purl.obolibrary.org/obo/RO_0002470>	<http://www.wikidata.org/entity/Q312094>	"Avicennia marina"^^<http://www.w3.org/2001/XMLSchema#string>	"Matcham"^^<http://www.w3.org/2001/XMLSchema#string>
<http://www.wikidata.org/entity/Q5524259>	"Garrya flavescens"^^<http://www.w3.org/2001/XMLSchema#string>	<http://purl.obolibrary.org/obo/RO_0002437>	<http://www.wikidata.org/entity/Q5389476>	"Eriophyllum confertiflorum"^^<http://www.w3.org/2001/XMLSchema#string>	"SW Calif, Western Transverse Ranges, Middle Sespe Creek, Sespe Creek Trail E of Beaver Campsite, on N edge of FS Road 22W04/Sespe Creek Trail, Lion Canyon, Calif. topo Quad.; NW1/4NE1/4NW1/4S1 San Bernardino Base Meridian."^^<http://www.w3.org/2001/XMLSchema#string>
<http://www.wikidata.org/entity/Q5574087>	"Gnaphalium palustre"^^<http://www.w3.org/2001/XMLSchema#string>	<http://purl.obolibrary.org/obo/RO_0002437>	<http://www.wikidata.org/entity/Q5389476>	"Eriophyllum confertiflorum"^^<http://www.w3.org/2001/XMLSchema#string>	"San Guillermo Mountain, Pine Springs Creek S side of Pine Springs Campground."^^<http://www.w3.org/2001/XMLSchema#string>
<http://www.wikidata.org/entity/Q5687695>	"Hazardia squarrosa"^^<http://www.w3.org/2001/XMLSchema#string>	<http://purl.obolibrary.org/obo/RO_0002437>	<http://www.wikidata.org/entity/Q5389476>	"Eriophyllum confertiflorum"^^<http://www.w3.org/2001/XMLSchema#string>	"Circle X Ranch. Misha Mokwa Trail (road from parking lot). Beside road cut. SE-facing slope."^^<http://www.w3.org/2001/XMLSchema#string>
<http://www.wikidata.org/entity/Q5710780>	"Athysanus pusillus"^^<http://www.w3.org/2001/XMLSchema#string>	<http://purl.obolibrary.org/obo/RO_0002437>	<http://www.wikidata.org/entity/Q5389476>	"Eriophyllum confertiflorum"^^<http://www.w3.org/2001/XMLSchema#string>	"SW Calif, Western Transverse Ranges, North Fork Matilija Canyon, Wheeler Gorge; Wheeler Springs Quad.; W1/2 SW1/4 SE1/4 SE1/4 S15, T5N R23W San Bernardino Base Meridian; lat. 34.508766 N, long. 119.274540 W; Above seep spring, along SR33 above double tunnels."^^<http://www.w3.org/2001/XMLSchema#string>
<http://www.wikidata.org/entity/Q588770>	"Castilleja affinis subsp. affinis"^^<http://www.w3.org/2001/XMLSchema#string>	<http://purl.obolibrary.org/obo/RO_0002437>	<http://www.wikidata.org/entity/Q5389476>	"Eriophyllum confertiflorum"^^<http://www.w3.org/2001/XMLSchema#string>	"East end of Sulphur Mountain, SW of Thomas Aquinas College. Private land (owned by Tom Dudley's family) accessed by East Sulphur Mountain Road via the gate at Limoneira citrus orchard along Hwy 150."^^<http://www.w3.org/2001/XMLSchema#string>
<http://www.wikidata.org/entity/Q588770>	"Castilleja affinis subsp. affinis"^^<http://www.w3.org/2001/XMLSchema#string>	<http://purl.obolibrary.org/obo/RO_0002437>	<http://www.wikidata.org/entity/Q5389476>	"Eriophyllum confertiflorum"^^<http://www.w3.org/2001/XMLSchema#string>	"Western Transverse Ranges; Santa Susana Mountains; Big Mountain (south slope)/ Tapo Canyon tributary (Simi Valley); Big Sky Ranch; Simi Valley East Quad., SW1/4, NE1/4, S26, T3N, R18W, San Bernardino Base Meridian."^^<http://www.w3.org/2001/XMLSchema#string>
<http://www.wikidata.org/entity/Q5939469>	"Sanicula crassicaulis"^^<http://www.w3.org/2001/XMLSchema#string>	<http://purl.obolibrary.org/obo/RO_0002437>	<http://www.wikidata.org/entity/Q5389476>	"Eriophyllum confertiflorum"^^<http://www.w3.org/2001/XMLSchema#string>	"East end of Sulphur Mountain, SW of Thomas Aquinas College. Private land (owned by Tom Dudley's family) accessed by East Sulphur Mountain Road via the gate at Limoneira citrus orchard along Hwy 150."^^<http://www.w3.org/2001/XMLSchema#string>
<http://www.wikidata.org/entity/Q59550230>	"Eriogonum elongatum var. elongatum"^^<http://www.w3.org/2001/XMLSchema#string>	<http://purl.obolibrary.org/obo/RO_0002437>	<http://www.wikidata.org/entity/Q5389476>	"Eriophyllum confertiflorum"^^<http://www.w3.org/2001/XMLSchema#string>	"Western Transverse Ranges; Santa Susana Mountains; Big Mountain (south slope)/ Tapo Canyon tributary (Simi Valley); Big Sky Ranch; Simi Valley East Quad., SW1/4, NE1/4, S26, T3N, R18W, San Bernardino Base Meridian.; 34.311477 -118.735"^^<http://www.w3.org/2001/XMLSchema#string>
<http://www.wikidata.org/entity/Q6528358>	"Leptosiphon parviflorus"^^<http://www.w3.org/2001/XMLSchema#string>	<http://purl.obolibrary.org/obo/RO_0002437>	<http://www.wikidata.org/entity/Q5389476>	"Eriophyllum confertiflorum"^^<http://www.w3.org/2001/XMLSchema#string>	"SW Region, Western Transverse Ranges, Liebre Mountains, Sierra Pelona, Rush Canyon, along dirt road to Rowher ORV Area, Angeles NF, Waypoint 400; Green Valley, Calif. topo quad.; NE1/4NW1/4 S19, T5N R14W San Bernadino Base Meridian"^^<http://www.w3.org/2001/XMLSchema#string>
<http://www.wikidata.org/entity/Q6528358>	"Leptosiphon parviflorus"^^<http://www.w3.org/2001/XMLSchema#string>	<http://purl.obolibrary.org/obo/RO_0002437>	<http://www.wikidata.org/entity/Q848784>	"Centaurea melitensis"^^<http://www.w3.org/2001/XMLSchema#string>	"SW Region, Western Transverse Ranges, Liebre Mountains, Sierra Pelona, Rush Canyon, along dirt road to Rowher ORV Area, Angeles NF, Waypoint 400; Green Valley, Calif. topo quad.; NE1/4NW1/4 S19, T5N R14W San Bernadino Base Meridian"^^<http://www.w3.org/2001/XMLSchema#string>
<http://www.wikidata.org/entity/Q6824280>	"Metopograpsus messor"^^<http://www.w3.org/2001/XMLSchema#string>	<http://purl.obolibrary.org/obo/RO_0002470>	<http://www.wikidata.org/entity/Q312094>	"Avicennia marina"^^<http://www.w3.org/2001/XMLSchema#string>	"India|"^^<http://www.w3.org/2001/XMLSchema#string>
<http://www.wikidata.org/entity/Q6967600>	"Stipa pulchra"^^<http://www.w3.org/2001/XMLSchema#string>	<http://purl.obolibrary.org/obo/RO_0002437>	<http://www.wikidata.org/entity/Q5389476>	"Eriophyllum confertiflorum"^^<http://www.w3.org/2001/XMLSchema#string>	"SW Region, Western Transverse Ranges, Whitacre Peak, Angeles National Forest, along Old Highway 99 0.82 mi S of Whitacre Summit, Waypoint 390; Whitacre Peak, Calif. topo quad.; NW1/4SW1/4 S29, T4N R17W San Bernardino Base Meridian; 34.58093, -118.70708; 34.58093 -118.70708"^^<http://www.w3.org/2001/XMLSchema#string>
<http://www.wikidata.org/entity/Q7081248>	"Oidium tingitaninum"^^<http://www.w3.org/2001/XMLSchema#string>	<http://purl.obolibrary.org/obo/RO_0002454>	<http://www.wikidata.org/entity/Q234126>	"Aegle marmelos"^^<http://www.w3.org/2001/XMLSchema#string>	"Colombo, Ceylon"^^<http://www.w3.org/2001/XMLSchema#string>
<http://www.wikidata.org/entity/Q7256915>	"Pterostegia drymarioides"^^<http://www.w3.org/2001/XMLSchema#string>	<http://purl.obolibrary.org/obo/RO_0002437>	<http://www.wikidata.org/entity/Q5389476>	"Eriophyllum confertiflorum"^^<http://www.w3.org/2001/XMLSchema#string>	"Circle X Ranch. Road to Sandstone Park."^^<http://www.w3.org/2001/XMLSchema#string>
<http://www.wikidata.org/entity/Q7320178>	"Rhamnus ilicifolia"^^<http://www.w3.org/2001/XMLSchema#string>	<http://purl.obolibrary.org/obo/RO_0002437>	<http://www.wikidata.org/entity/Q5389476>	"Eriophyllum confertiflorum"^^<http://www.w3.org/2001/XMLSchema#string>	"East end of Sulphur Mountain, SW of Thomas Aquinas College. Private land (owned by Tom Dudley's family) accessed by East Sulphur Mountain Road via the gate at Limoneira citrus orchard along Hwy 150."^^<http://www.w3.org/2001/XMLSchema#string>
<http://www.wikidata.org/entity/Q796692>	"Salvia columbariae"^^<http://www.w3.org/2001/XMLSchema#string>	<http://purl.obolibrary.org/obo/RO_0002437>	<http://www.wikidata.org/entity/Q5389476>	"Eriophyllum confertiflorum"^^<http://www.w3.org/2001/XMLSchema#string>	"Los Padres National Forest; north side of Hwy 33."^^<http://www.w3.org/2001/XMLSchema#string>
<http://www.wikidata.org/entity/Q864705>	"Miridae"^^<http://www.w3.org/2001/XMLSchema#string>	<http://purl.obolibrary.org/obo/RO_0002437>	<http://www.wikidata.org/entity/Q312094>	"Avicennia marina"^^<http://www.w3.org/2001/XMLSchema#string>	"Fowlers Camp (at end of Fowlers Camp Rd), Shark Bay World Heritage Area"^^<http://www.w3.org/2001/XMLSchema#string>
