?parasiteX_WD	?parasiteName	?intxn1Label	?allelopathX_WD	?allelopathName	?intxn2Label	?agriCrop_WD	?agriCropName	?intxn3Label	?study1_DOI	?study2_DOI	?study3_DOI
<http://www.wikidata.org/entity/Q103806070>	"Fusarium graminearum"^^<http://www.w3.org/2001/XMLSchema#string>	"hasHost"^^<http://www.w3.org/2001/XMLSchema#string>	<http://www.wikidata.org/entity/Q10887953>	"Brachiaria brizantha"^^<http://www.w3.org/2001/XMLSchema#string>	"allelopathOf"^^<http://www.w3.org/2001/XMLSchema#string>	<http://www.wikidata.org/entity/Q11575>	"Zea mays L."^^<http://www.w3.org/2001/XMLSchema#string>	"hasHost"^^<http://www.w3.org/2001/XMLSchema#string>		"10.1002/ps.6261"^^<http://www.w3.org/2001/XMLSchema#string>	
<http://www.wikidata.org/entity/Q103806070>	"Fusarium graminearum"^^<http://www.w3.org/2001/XMLSchema#string>	"hasHost"^^<http://www.w3.org/2001/XMLSchema#string>	<http://www.wikidata.org/entity/Q15509403>	"Brachiaria ruziziensis"^^<http://www.w3.org/2001/XMLSchema#string>	"allelopathOf"^^<http://www.w3.org/2001/XMLSchema#string>	<http://www.wikidata.org/entity/Q11575>	"Zea mays L."^^<http://www.w3.org/2001/XMLSchema#string>	"hasHost"^^<http://www.w3.org/2001/XMLSchema#string>		"10.1002/ps.6261"^^<http://www.w3.org/2001/XMLSchema#string>	
<http://www.wikidata.org/entity/Q103806210>	"Fusarium heterosporum"^^<http://www.w3.org/2001/XMLSchema#string>	"hasHost"^^<http://www.w3.org/2001/XMLSchema#string>	<http://www.wikidata.org/entity/Q10887953>	"Brachiaria brizantha"^^<http://www.w3.org/2001/XMLSchema#string>	"allelopathOf"^^<http://www.w3.org/2001/XMLSchema#string>	<http://www.wikidata.org/entity/Q11575>	"Zea mays L."^^<http://www.w3.org/2001/XMLSchema#string>	"hasHost"^^<http://www.w3.org/2001/XMLSchema#string>		"10.1002/ps.6261"^^<http://www.w3.org/2001/XMLSchema#string>	
<http://www.wikidata.org/entity/Q103806210>	"Fusarium heterosporum"^^<http://www.w3.org/2001/XMLSchema#string>	"hasHost"^^<http://www.w3.org/2001/XMLSchema#string>	<http://www.wikidata.org/entity/Q15509798>	"Brachiaria decumbens"^^<http://www.w3.org/2001/XMLSchema#string>	"allelopathOf"^^<http://www.w3.org/2001/XMLSchema#string>	<http://www.wikidata.org/entity/Q11575>	"Zea mays L."^^<http://www.w3.org/2001/XMLSchema#string>	"hasHost"^^<http://www.w3.org/2001/XMLSchema#string>		"10.1002/ps.6261"^^<http://www.w3.org/2001/XMLSchema#string>	
<http://www.wikidata.org/entity/Q103806210>	"Fusarium heterosporum"^^<http://www.w3.org/2001/XMLSchema#string>	"hasHost"^^<http://www.w3.org/2001/XMLSchema#string>	<http://www.wikidata.org/entity/Q217227>	"Claviceps purpurea"^^<http://www.w3.org/2001/XMLSchema#string>	"allelopathOf"^^<http://www.w3.org/2001/XMLSchema#string>	<http://www.wikidata.org/entity/Q11577>	"Barley"^^<http://www.w3.org/2001/XMLSchema#string>	"hasHost"^^<http://www.w3.org/2001/XMLSchema#string>		"10.5962/bhl.title.85555"^^<http://www.w3.org/2001/XMLSchema#string>	
<http://www.wikidata.org/entity/Q103806210>	"Fusarium heterosporum"^^<http://www.w3.org/2001/XMLSchema#string>	"hasHost"^^<http://www.w3.org/2001/XMLSchema#string>	<http://www.wikidata.org/entity/Q217227>	"Claviceps purpurea"^^<http://www.w3.org/2001/XMLSchema#string>	"allelopathOf"^^<http://www.w3.org/2001/XMLSchema#string>	<http://www.wikidata.org/entity/Q147783>	"Poa pratensis"^^<http://www.w3.org/2001/XMLSchema#string>	"hasHost"^^<http://www.w3.org/2001/XMLSchema#string>		"10.5962/bhl.title.85562"^^<http://www.w3.org/2001/XMLSchema#string>	
<http://www.wikidata.org/entity/Q103806210>	"Fusarium heterosporum"^^<http://www.w3.org/2001/XMLSchema#string>	"hasHost"^^<http://www.w3.org/2001/XMLSchema#string>	<http://www.wikidata.org/entity/Q217227>	"Claviceps purpurea"^^<http://www.w3.org/2001/XMLSchema#string>	"allelopathOf"^^<http://www.w3.org/2001/XMLSchema#string>	<http://www.wikidata.org/entity/Q157883>	"Lolium multiflorum"^^<http://www.w3.org/2001/XMLSchema#string>	"hasHost"^^<http://www.w3.org/2001/XMLSchema#string>		"10.5962/bhl.title.85562"^^<http://www.w3.org/2001/XMLSchema#string>	
<http://www.wikidata.org/entity/Q103806210>	"Fusarium heterosporum"^^<http://www.w3.org/2001/XMLSchema#string>	"hasHost"^^<http://www.w3.org/2001/XMLSchema#string>	<http://www.wikidata.org/entity/Q217227>	"Claviceps purpurea"^^<http://www.w3.org/2001/XMLSchema#string>	"allelopathOf"^^<http://www.w3.org/2001/XMLSchema#string>	<http://www.wikidata.org/entity/Q157922>	"Festuca elatior var. arundinacea"^^<http://www.w3.org/2001/XMLSchema#string>	"hasHost"^^<http://www.w3.org/2001/XMLSchema#string>		"10.5962/bhl.title.85562"^^<http://www.w3.org/2001/XMLSchema#string>	
<http://www.wikidata.org/entity/Q103806210>	"Fusarium heterosporum"^^<http://www.w3.org/2001/XMLSchema#string>	"hasHost"^^<http://www.w3.org/2001/XMLSchema#string>	<http://www.wikidata.org/entity/Q217227>	"Claviceps purpurea"^^<http://www.w3.org/2001/XMLSchema#string>	"allelopathOf"^^<http://www.w3.org/2001/XMLSchema#string>	<http://www.wikidata.org/entity/Q159702>	"Festuca rubra"^^<http://www.w3.org/2001/XMLSchema#string>	"hasHost"^^<http://www.w3.org/2001/XMLSchema#string>		"10.5962/bhl.title.85562"^^<http://www.w3.org/2001/XMLSchema#string>	
<http://www.wikidata.org/entity/Q103806210>	"Fusarium heterosporum"^^<http://www.w3.org/2001/XMLSchema#string>	"hasHost"^^<http://www.w3.org/2001/XMLSchema#string>	<http://www.wikidata.org/entity/Q217227>	"Claviceps purpurea"^^<http://www.w3.org/2001/XMLSchema#string>	"allelopathOf"^^<http://www.w3.org/2001/XMLSchema#string>	<http://www.wikidata.org/entity/Q161722>	"Lolium perenne"^^<http://www.w3.org/2001/XMLSchema#string>	"hasHost"^^<http://www.w3.org/2001/XMLSchema#string>		"10.5962/bhl.title.85562"^^<http://www.w3.org/2001/XMLSchema#string>	
<http://www.wikidata.org/entity/Q104084128>	"Anthracocystis flocculosa"^^<http://www.w3.org/2001/XMLSchema#string>	"hasHost"^^<http://www.w3.org/2001/XMLSchema#string>	<http://www.wikidata.org/entity/Q54366438>	"Erysiphe polygoni"^^<http://www.w3.org/2001/XMLSchema#string>	"allelopathOf"^^<http://www.w3.org/2001/XMLSchema#string>	<http://www.wikidata.org/entity/Q156635>	"Clover, Red"^^<http://www.w3.org/2001/XMLSchema#string>	"hasHost"^^<http://www.w3.org/2001/XMLSchema#string>		"10.5962/bhl.title.85555"^^<http://www.w3.org/2001/XMLSchema#string>	
<http://www.wikidata.org/entity/Q104095947>	"Bipolaris cynodontis"^^<http://www.w3.org/2001/XMLSchema#string>	"hasHost"^^<http://www.w3.org/2001/XMLSchema#string>	<http://www.wikidata.org/entity/Q10887953>	"Brachiaria brizantha"^^<http://www.w3.org/2001/XMLSchema#string>	"allelopathOf"^^<http://www.w3.org/2001/XMLSchema#string>	<http://www.wikidata.org/entity/Q11575>	"Zea mays L."^^<http://www.w3.org/2001/XMLSchema#string>	"hasHost"^^<http://www.w3.org/2001/XMLSchema#string>		"10.1002/ps.6261"^^<http://www.w3.org/2001/XMLSchema#string>	
<http://www.wikidata.org/entity/Q104096313>	"Fusarium acuminatum"^^<http://www.w3.org/2001/XMLSchema#string>	"hasHost"^^<http://www.w3.org/2001/XMLSchema#string>	<http://www.wikidata.org/entity/Q10887953>	"Brachiaria brizantha"^^<http://www.w3.org/2001/XMLSchema#string>	"allelopathOf"^^<http://www.w3.org/2001/XMLSchema#string>	<http://www.wikidata.org/entity/Q11575>	"Zea mays L."^^<http://www.w3.org/2001/XMLSchema#string>	"hasHost"^^<http://www.w3.org/2001/XMLSchema#string>		"10.1002/ps.6261"^^<http://www.w3.org/2001/XMLSchema#string>	
<http://www.wikidata.org/entity/Q104096391>	"Fusarium avenaceum"^^<http://www.w3.org/2001/XMLSchema#string>	"hasHost"^^<http://www.w3.org/2001/XMLSchema#string>	<http://www.wikidata.org/entity/Q21400054>	"Puccinia poae-sudeticae"^^<http://www.w3.org/2001/XMLSchema#string>	"allelopathOf"^^<http://www.w3.org/2001/XMLSchema#string>	<http://www.wikidata.org/entity/Q161286>	"Poa palustris"^^<http://www.w3.org/2001/XMLSchema#string>	"hasHost"^^<http://www.w3.org/2001/XMLSchema#string>		"10.5962/bhl.title.85562"^^<http://www.w3.org/2001/XMLSchema#string>	
<http://www.wikidata.org/entity/Q10429869>	"Bipolaris zeae"^^<http://www.w3.org/2001/XMLSchema#string>	"hasHost"^^<http://www.w3.org/2001/XMLSchema#string>	<http://www.wikidata.org/entity/Q15509798>	"Brachiaria decumbens"^^<http://www.w3.org/2001/XMLSchema#string>	"allelopathOf"^^<http://www.w3.org/2001/XMLSchema#string>	<http://www.wikidata.org/entity/Q11575>	"Zea mays L."^^<http://www.w3.org/2001/XMLSchema#string>	"hasHost"^^<http://www.w3.org/2001/XMLSchema#string>		"10.1002/ps.6261"^^<http://www.w3.org/2001/XMLSchema#string>	
<http://www.wikidata.org/entity/Q104403258>	"Bipolaris bicolor"^^<http://www.w3.org/2001/XMLSchema#string>	"hasHost"^^<http://www.w3.org/2001/XMLSchema#string>	<http://www.wikidata.org/entity/Q15509403>	"Brachiaria ruziziensis"^^<http://www.w3.org/2001/XMLSchema#string>	"allelopathOf"^^<http://www.w3.org/2001/XMLSchema#string>	<http://www.wikidata.org/entity/Q11575>	"Zea mays L."^^<http://www.w3.org/2001/XMLSchema#string>	"hasHost"^^<http://www.w3.org/2001/XMLSchema#string>		"10.1002/ps.6261"^^<http://www.w3.org/2001/XMLSchema#string>	
<http://www.wikidata.org/entity/Q10454361>	"Cladosporium aecidiicola"^^<http://www.w3.org/2001/XMLSchema#string>	"hasHost"^^<http://www.w3.org/2001/XMLSchema#string>	<http://www.wikidata.org/entity/Q1310367>	"Puccinia coronata"^^<http://www.w3.org/2001/XMLSchema#string>	"allelopathOf"^^<http://www.w3.org/2001/XMLSchema#string>	<http://www.wikidata.org/entity/Q147861>	"Rhamnus cathartica"^^<http://www.w3.org/2001/XMLSchema#string>	"hasHost"^^<http://www.w3.org/2001/XMLSchema#string>			
<http://www.wikidata.org/entity/Q10454478>	"Cladosporium oxysporum"^^<http://www.w3.org/2001/XMLSchema#string>	"hasHost"^^<http://www.w3.org/2001/XMLSchema#string>	<http://www.wikidata.org/entity/Q15509798>	"Brachiaria decumbens"^^<http://www.w3.org/2001/XMLSchema#string>	"allelopathOf"^^<http://www.w3.org/2001/XMLSchema#string>	<http://www.wikidata.org/entity/Q11575>	"Zea mays L."^^<http://www.w3.org/2001/XMLSchema#string>	"hasHost"^^<http://www.w3.org/2001/XMLSchema#string>		"10.1002/ps.6261"^^<http://www.w3.org/2001/XMLSchema#string>	
<http://www.wikidata.org/entity/Q10454515>	"Cladosporium uredinicola"^^<http://www.w3.org/2001/XMLSchema#string>	"hasHost"^^<http://www.w3.org/2001/XMLSchema#string>	<http://www.wikidata.org/entity/Q1439264>	"Puccinia malvacearum"^^<http://www.w3.org/2001/XMLSchema#string>	"allelopathOf"^^<http://www.w3.org/2001/XMLSchema#string>	<http://www.wikidata.org/entity/Q27682>	"Alcea rosea"^^<http://www.w3.org/2001/XMLSchema#string>	"hasHost"^^<http://www.w3.org/2001/XMLSchema#string>			
<http://www.wikidata.org/entity/Q10456215>	"Cochliobolus bicolor"^^<http://www.w3.org/2001/XMLSchema#string>	"hasHost"^^<http://www.w3.org/2001/XMLSchema#string>	<http://www.wikidata.org/entity/Q15509403>	"Brachiaria ruziziensis"^^<http://www.w3.org/2001/XMLSchema#string>	"allelopathOf"^^<http://www.w3.org/2001/XMLSchema#string>	<http://www.wikidata.org/entity/Q11575>	"Zea mays L."^^<http://www.w3.org/2001/XMLSchema#string>	"hasHost"^^<http://www.w3.org/2001/XMLSchema#string>		"10.1002/ps.6261"^^<http://www.w3.org/2001/XMLSchema#string>	
<http://www.wikidata.org/entity/Q10489980>	"Eudarluca australis"^^<http://www.w3.org/2001/XMLSchema#string>	"hasHost"^^<http://www.w3.org/2001/XMLSchema#string>	<http://www.wikidata.org/entity/Q310160>	"Puccinia purpurea"^^<http://www.w3.org/2001/XMLSchema#string>	"allelopathOf"^^<http://www.w3.org/2001/XMLSchema#string>	<http://www.wikidata.org/entity/Q12111>	"Sorghum"^^<http://www.w3.org/2001/XMLSchema#string>	"hasHost"^^<http://www.w3.org/2001/XMLSchema#string>		"10.5962/bhl.title.85555"^^<http://www.w3.org/2001/XMLSchema#string>	
<http://www.wikidata.org/entity/Q10489980>	"Eudarluca australis"^^<http://www.w3.org/2001/XMLSchema#string>	"hasHost"^^<http://www.w3.org/2001/XMLSchema#string>	<http://www.wikidata.org/entity/Q310160>	"Puccinia purpurea"^^<http://www.w3.org/2001/XMLSchema#string>	"allelopathOf"^^<http://www.w3.org/2001/XMLSchema#string>	<http://www.wikidata.org/entity/Q858360>	"Sorgo"^^<http://www.w3.org/2001/XMLSchema#string>	"hasHost"^^<http://www.w3.org/2001/XMLSchema#string>		"10.5962/bhl.title.85555"^^<http://www.w3.org/2001/XMLSchema#string>	
<http://www.wikidata.org/entity/Q10489981>	"Eudarluca caricis"^^<http://www.w3.org/2001/XMLSchema#string>	"hasHost"^^<http://www.w3.org/2001/XMLSchema#string>	<http://www.wikidata.org/entity/Q15509403>	"Brachiaria ruziziensis"^^<http://www.w3.org/2001/XMLSchema#string>	"allelopathOf"^^<http://www.w3.org/2001/XMLSchema#string>	<http://www.wikidata.org/entity/Q11575>	"Zea mays L."^^<http://www.w3.org/2001/XMLSchema#string>	"hasHost"^^<http://www.w3.org/2001/XMLSchema#string>		"10.1002/ps.6261"^^<http://www.w3.org/2001/XMLSchema#string>	
<http://www.wikidata.org/entity/Q10489981>	"Eudarluca caricis"^^<http://www.w3.org/2001/XMLSchema#string>	"hasHost"^^<http://www.w3.org/2001/XMLSchema#string>	<http://www.wikidata.org/entity/Q2116947>	"Puccinia magnusiana"^^<http://www.w3.org/2001/XMLSchema#string>	"allelopathOf"^^<http://www.w3.org/2001/XMLSchema#string>	<http://www.wikidata.org/entity/Q28557>	"Phragmites communis"^^<http://www.w3.org/2001/XMLSchema#string>	"hasHost"^^<http://www.w3.org/2001/XMLSchema#string>		"10.5962/bhl.title.85562"^^<http://www.w3.org/2001/XMLSchema#string>	
<http://www.wikidata.org/entity/Q105051082>	"Cochliobolus eragrostidis"^^<http://www.w3.org/2001/XMLSchema#string>	"hasHost"^^<http://www.w3.org/2001/XMLSchema#string>	<http://www.wikidata.org/entity/Q15509798>	"Brachiaria decumbens"^^<http://www.w3.org/2001/XMLSchema#string>	"allelopathOf"^^<http://www.w3.org/2001/XMLSchema#string>	<http://www.wikidata.org/entity/Q11575>	"Zea mays L."^^<http://www.w3.org/2001/XMLSchema#string>	"hasHost"^^<http://www.w3.org/2001/XMLSchema#string>		"10.1002/ps.6261"^^<http://www.w3.org/2001/XMLSchema#string>	
<http://www.wikidata.org/entity/Q105057853>	"Leptosphaeria michotii"^^<http://www.w3.org/2001/XMLSchema#string>	"hasHost"^^<http://www.w3.org/2001/XMLSchema#string>	<http://www.wikidata.org/entity/Q10887953>	"Brachiaria brizantha"^^<http://www.w3.org/2001/XMLSchema#string>	"allelopathOf"^^<http://www.w3.org/2001/XMLSchema#string>	<http://www.wikidata.org/entity/Q11575>	"Zea mays L."^^<http://www.w3.org/2001/XMLSchema#string>	"hasHost"^^<http://www.w3.org/2001/XMLSchema#string>		"10.1002/ps.6261"^^<http://www.w3.org/2001/XMLSchema#string>	
<http://www.wikidata.org/entity/Q105060374>	"Peronospora parasitica"^^<http://www.w3.org/2001/XMLSchema#string>	"hasHost"^^<http://www.w3.org/2001/XMLSchema#string>	<http://www.wikidata.org/entity/Q625190>	"Albugo candida"^^<http://www.w3.org/2001/XMLSchema#string>	"allelopathOf"^^<http://www.w3.org/2001/XMLSchema#string>	<http://www.wikidata.org/entity/Q163812>	"Diplotaxis tenuifolia"^^<http://www.w3.org/2001/XMLSchema#string>	"hasHost"^^<http://www.w3.org/2001/XMLSchema#string>			
<http://www.wikidata.org/entity/Q105060374>	"Peronospora parasitica"^^<http://www.w3.org/2001/XMLSchema#string>	"hasHost"^^<http://www.w3.org/2001/XMLSchema#string>	<http://www.wikidata.org/entity/Q625190>	"Albugo candida"^^<http://www.w3.org/2001/XMLSchema#string>	"allelopathOf"^^<http://www.w3.org/2001/XMLSchema#string>	<http://www.wikidata.org/entity/Q27264>	"Capsella bursa-pastoris"^^<http://www.w3.org/2001/XMLSchema#string>	"hasHost"^^<http://www.w3.org/2001/XMLSchema#string>			
<http://www.wikidata.org/entity/Q10623753>	"Periconia byssoides"^^<http://www.w3.org/2001/XMLSchema#string>	"hasHost"^^<http://www.w3.org/2001/XMLSchema#string>	<http://www.wikidata.org/entity/Q15487737>	"Desmodium uncinatum"^^<http://www.w3.org/2001/XMLSchema#string>	"allelopathOf"^^<http://www.w3.org/2001/XMLSchema#string>	<http://www.wikidata.org/entity/Q11575>	"Zea mays"^^<http://www.w3.org/2001/XMLSchema#string>	"hasHost"^^<http://www.w3.org/2001/XMLSchema#string>		"10.1016/j.cropro.2006.01.008"^^<http://www.w3.org/2001/XMLSchema#string>	
<http://www.wikidata.org/entity/Q10623760>	"Periconia echinochloae"^^<http://www.w3.org/2001/XMLSchema#string>	"hasHost"^^<http://www.w3.org/2001/XMLSchema#string>	<http://www.wikidata.org/entity/Q10887953>	"Brachiaria brizantha"^^<http://www.w3.org/2001/XMLSchema#string>	"allelopathOf"^^<http://www.w3.org/2001/XMLSchema#string>	<http://www.wikidata.org/entity/Q11575>	"Zea mays L."^^<http://www.w3.org/2001/XMLSchema#string>	"hasHost"^^<http://www.w3.org/2001/XMLSchema#string>		"10.1002/ps.6261"^^<http://www.w3.org/2001/XMLSchema#string>	
<http://www.wikidata.org/entity/Q10705879>	"Tuberculina persicina"^^<http://www.w3.org/2001/XMLSchema#string>	"hasHost"^^<http://www.w3.org/2001/XMLSchema#string>	<http://www.wikidata.org/entity/Q1310367>	"Puccinia coronata"^^<http://www.w3.org/2001/XMLSchema#string>	"allelopathOf"^^<http://www.w3.org/2001/XMLSchema#string>	<http://www.wikidata.org/entity/Q147861>	"Rhamnus cathartica"^^<http://www.w3.org/2001/XMLSchema#string>	"hasHost"^^<http://www.w3.org/2001/XMLSchema#string>			
<http://www.wikidata.org/entity/Q10705879>	"Tuberculina persicina"^^<http://www.w3.org/2001/XMLSchema#string>	"hasHost"^^<http://www.w3.org/2001/XMLSchema#string>	<http://www.wikidata.org/entity/Q21315925>	"Puccinia peridermiospora"^^<http://www.w3.org/2001/XMLSchema#string>	"allelopathOf"^^<http://www.w3.org/2001/XMLSchema#string>	<http://www.wikidata.org/entity/Q128887>	"Ash"^^<http://www.w3.org/2001/XMLSchema#string>	"hasHost"^^<http://www.w3.org/2001/XMLSchema#string>		"10.5962/bhl.title.85555"^^<http://www.w3.org/2001/XMLSchema#string>	
<http://www.wikidata.org/entity/Q107567915>	"Cicinobolus cesatii"^^<http://www.w3.org/2001/XMLSchema#string>	"hasHost"^^<http://www.w3.org/2001/XMLSchema#string>	<http://www.wikidata.org/entity/Q2315947>	"Podosphaera leucotricha"^^<http://www.w3.org/2001/XMLSchema#string>	"allelopathOf"^^<http://www.w3.org/2001/XMLSchema#string>	<http://www.wikidata.org/entity/Q21877185>	"Apple"^^<http://www.w3.org/2001/XMLSchema#string>	"hasHost"^^<http://www.w3.org/2001/XMLSchema#string>		"10.5962/bhl.title.85555"^^<http://www.w3.org/2001/XMLSchema#string>	
<http://www.wikidata.org/entity/Q107596533>	"Corticium solani"^^<http://www.w3.org/2001/XMLSchema#string>	"hasHost"^^<http://www.w3.org/2001/XMLSchema#string>	<http://www.wikidata.org/entity/Q10887953>	"Brachiaria brizantha"^^<http://www.w3.org/2001/XMLSchema#string>	"allelopathOf"^^<http://www.w3.org/2001/XMLSchema#string>	<http://www.wikidata.org/entity/Q11575>	"Zea mays L."^^<http://www.w3.org/2001/XMLSchema#string>	"hasHost"^^<http://www.w3.org/2001/XMLSchema#string>		"10.1002/ps.6261"^^<http://www.w3.org/2001/XMLSchema#string>	
<http://www.wikidata.org/entity/Q107596533>	"Corticium solani"^^<http://www.w3.org/2001/XMLSchema#string>	"hasHost"^^<http://www.w3.org/2001/XMLSchema#string>	<http://www.wikidata.org/entity/Q15487737>	"Desmodium uncinatum"^^<http://www.w3.org/2001/XMLSchema#string>	"allelopathOf"^^<http://www.w3.org/2001/XMLSchema#string>	<http://www.wikidata.org/entity/Q11575>	"Zea mays"^^<http://www.w3.org/2001/XMLSchema#string>	"hasHost"^^<http://www.w3.org/2001/XMLSchema#string>		"10.1016/j.cropro.2006.01.008"^^<http://www.w3.org/2001/XMLSchema#string>	
<http://www.wikidata.org/entity/Q12954465>	"Nectria episphaeria"^^<http://www.w3.org/2001/XMLSchema#string>	"hasHost"^^<http://www.w3.org/2001/XMLSchema#string>	<http://www.wikidata.org/entity/Q3768115>	"Eutypella"^^<http://www.w3.org/2001/XMLSchema#string>	"allelopathOf"^^<http://www.w3.org/2001/XMLSchema#string>	<http://www.wikidata.org/entity/Q42292>	"Maple"^^<http://www.w3.org/2001/XMLSchema#string>	"hasHost"^^<http://www.w3.org/2001/XMLSchema#string>		"10.5962/bhl.title.85555"^^<http://www.w3.org/2001/XMLSchema#string>	
<http://www.wikidata.org/entity/Q1313952>	"Phyllocnistis citrella"^^<http://www.w3.org/2001/XMLSchema#string>	"hasHost"^^<http://www.w3.org/2001/XMLSchema#string>	<http://www.wikidata.org/entity/Q66501499>	"Loranthus"^^<http://www.w3.org/2001/XMLSchema#string>	"allelopathOf"^^<http://www.w3.org/2001/XMLSchema#string>	<http://www.wikidata.org/entity/Q125337>	"Citrus poonensis"^^<http://www.w3.org/2001/XMLSchema#string>	"hasHost"^^<http://www.w3.org/2001/XMLSchema#string>		"10.5962/bhl.title.85827"^^<http://www.w3.org/2001/XMLSchema#string>	
<http://www.wikidata.org/entity/Q1313952>	"Phyllocnistis citrella"^^<http://www.w3.org/2001/XMLSchema#string>	"hasHost"^^<http://www.w3.org/2001/XMLSchema#string>	<http://www.wikidata.org/entity/Q66501499>	"Loranthus"^^<http://www.w3.org/2001/XMLSchema#string>	"allelopathOf"^^<http://www.w3.org/2001/XMLSchema#string>	<http://www.wikidata.org/entity/Q80024>	"Citrus grandis"^^<http://www.w3.org/2001/XMLSchema#string>	"hasHost"^^<http://www.w3.org/2001/XMLSchema#string>		"10.5962/bhl.title.85827"^^<http://www.w3.org/2001/XMLSchema#string>	
<http://www.wikidata.org/entity/Q131672>	"Fusarium"^^<http://www.w3.org/2001/XMLSchema#string>	"hasHost"^^<http://www.w3.org/2001/XMLSchema#string>	<http://www.wikidata.org/entity/Q217227>	"Claviceps purpurea"^^<http://www.w3.org/2001/XMLSchema#string>	"allelopathOf"^^<http://www.w3.org/2001/XMLSchema#string>	<http://www.wikidata.org/entity/Q12106>	"Wheat"^^<http://www.w3.org/2001/XMLSchema#string>	"hasHost"^^<http://www.w3.org/2001/XMLSchema#string>		"10.5962/bhl.title.85555"^^<http://www.w3.org/2001/XMLSchema#string>	
<http://www.wikidata.org/entity/Q131672>	"Fusarium"^^<http://www.w3.org/2001/XMLSchema#string>	"hasHost"^^<http://www.w3.org/2001/XMLSchema#string>	<http://www.wikidata.org/entity/Q217227>	"Claviceps purpurea"^^<http://www.w3.org/2001/XMLSchema#string>	"allelopathOf"^^<http://www.w3.org/2001/XMLSchema#string>	<http://www.wikidata.org/entity/Q157346>	"Alopecurus pratens"^^<http://www.w3.org/2001/XMLSchema#string>	"hasHost"^^<http://www.w3.org/2001/XMLSchema#string>		"10.5962/bhl.title.85562"^^<http://www.w3.org/2001/XMLSchema#string>	
<http://www.wikidata.org/entity/Q131672>	"Fusarium"^^<http://www.w3.org/2001/XMLSchema#string>	"hasHost"^^<http://www.w3.org/2001/XMLSchema#string>	<http://www.wikidata.org/entity/Q217227>	"Claviceps purpurea"^^<http://www.w3.org/2001/XMLSchema#string>	"allelopathOf"^^<http://www.w3.org/2001/XMLSchema#string>	<http://www.wikidata.org/entity/Q159066>	"Bromus inermis"^^<http://www.w3.org/2001/XMLSchema#string>	"hasHost"^^<http://www.w3.org/2001/XMLSchema#string>		"10.5962/bhl.title.85562"^^<http://www.w3.org/2001/XMLSchema#string>	
<http://www.wikidata.org/entity/Q131672>	"Fusarium"^^<http://www.w3.org/2001/XMLSchema#string>	"hasHost"^^<http://www.w3.org/2001/XMLSchema#string>	<http://www.wikidata.org/entity/Q217227>	"Claviceps purpurea"^^<http://www.w3.org/2001/XMLSchema#string>	"allelopathOf"^^<http://www.w3.org/2001/XMLSchema#string>	<http://www.wikidata.org/entity/Q578005>	"Agropyron cristatum"^^<http://www.w3.org/2001/XMLSchema#string>	"hasHost"^^<http://www.w3.org/2001/XMLSchema#string>		"10.5962/bhl.title.85562"^^<http://www.w3.org/2001/XMLSchema#string>	
<http://www.wikidata.org/entity/Q131672>	"Fusarium"^^<http://www.w3.org/2001/XMLSchema#string>	"hasHost"^^<http://www.w3.org/2001/XMLSchema#string>	<http://www.wikidata.org/entity/Q7258185>	"Puccinia asparagi"^^<http://www.w3.org/2001/XMLSchema#string>	"allelopathOf"^^<http://www.w3.org/2001/XMLSchema#string>	<http://www.wikidata.org/entity/Q2853420>	"Asparagus"^^<http://www.w3.org/2001/XMLSchema#string>	"hasHost"^^<http://www.w3.org/2001/XMLSchema#string>		"10.5962/bhl.title.85555"^^<http://www.w3.org/2001/XMLSchema#string>	
<http://www.wikidata.org/entity/Q133266>	"Alternaria sp."^^<http://www.w3.org/2001/XMLSchema#string>	"hasHost"^^<http://www.w3.org/2001/XMLSchema#string>	<http://www.wikidata.org/entity/Q10887953>	"Brachiaria brizantha"^^<http://www.w3.org/2001/XMLSchema#string>	"allelopathOf"^^<http://www.w3.org/2001/XMLSchema#string>	<http://www.wikidata.org/entity/Q11575>	"Zea mays L."^^<http://www.w3.org/2001/XMLSchema#string>	"hasHost"^^<http://www.w3.org/2001/XMLSchema#string>		"10.1002/ps.6261"^^<http://www.w3.org/2001/XMLSchema#string>	
<http://www.wikidata.org/entity/Q133266>	"Alternaria sp."^^<http://www.w3.org/2001/XMLSchema#string>	"hasHost"^^<http://www.w3.org/2001/XMLSchema#string>	<http://www.wikidata.org/entity/Q15509403>	"Brachiaria ruziziensis"^^<http://www.w3.org/2001/XMLSchema#string>	"allelopathOf"^^<http://www.w3.org/2001/XMLSchema#string>	<http://www.wikidata.org/entity/Q11575>	"Zea mays L."^^<http://www.w3.org/2001/XMLSchema#string>	"hasHost"^^<http://www.w3.org/2001/XMLSchema#string>		"10.1002/ps.6261"^^<http://www.w3.org/2001/XMLSchema#string>	
<http://www.wikidata.org/entity/Q133266>	"Alternaria sp."^^<http://www.w3.org/2001/XMLSchema#string>	"hasHost"^^<http://www.w3.org/2001/XMLSchema#string>	<http://www.wikidata.org/entity/Q15509798>	"Brachiaria decumbens"^^<http://www.w3.org/2001/XMLSchema#string>	"allelopathOf"^^<http://www.w3.org/2001/XMLSchema#string>	<http://www.wikidata.org/entity/Q11575>	"Zea mays L."^^<http://www.w3.org/2001/XMLSchema#string>	"hasHost"^^<http://www.w3.org/2001/XMLSchema#string>		"10.1002/ps.6261"^^<http://www.w3.org/2001/XMLSchema#string>	
<http://www.wikidata.org/entity/Q13476837>	"Euproctis fraterna"^^<http://www.w3.org/2001/XMLSchema#string>	"hasHost"^^<http://www.w3.org/2001/XMLSchema#string>	<http://www.wikidata.org/entity/Q66501499>	"Loranthus"^^<http://www.w3.org/2001/XMLSchema#string>	"allelopathOf"^^<http://www.w3.org/2001/XMLSchema#string>	<http://www.wikidata.org/entity/Q80024>	"Citrus grandis"^^<http://www.w3.org/2001/XMLSchema#string>	"hasHost"^^<http://www.w3.org/2001/XMLSchema#string>		"10.5962/bhl.title.85827"^^<http://www.w3.org/2001/XMLSchema#string>	
<http://www.wikidata.org/entity/Q13623664>	"Rhopalomyia solidaginis"^^<http://www.w3.org/2001/XMLSchema#string>	"hasHost"^^<http://www.w3.org/2001/XMLSchema#string>	<http://www.wikidata.org/entity/Q13626320>	"Eurosta solidaginis"^^<http://www.w3.org/2001/XMLSchema#string>	"allelopathOf"^^<http://www.w3.org/2001/XMLSchema#string>	<http://www.wikidata.org/entity/Q7557949>	"Solidago altissima"^^<http://www.w3.org/2001/XMLSchema#string>	"hasHost"^^<http://www.w3.org/2001/XMLSchema#string>			
<http://www.wikidata.org/entity/Q139958>	"fusarium oxysporum"^^<http://www.w3.org/2001/XMLSchema#string>	"hasHost"^^<http://www.w3.org/2001/XMLSchema#string>	<http://www.wikidata.org/entity/Q3719781>	"tylenchulus semipenetrans"^^<http://www.w3.org/2001/XMLSchema#string>	"allelopathOf"^^<http://www.w3.org/2001/XMLSchema#string>	<http://www.wikidata.org/entity/Q3355098>	"Citrus sinensis"^^<http://www.w3.org/2001/XMLSchema#string>	"hasHost"^^<http://www.w3.org/2001/XMLSchema#string>		"10.5962/bhl.title.85827"^^<http://www.w3.org/2001/XMLSchema#string>	
<http://www.wikidata.org/entity/Q139958>	"fusarium oxysporum"^^<http://www.w3.org/2001/XMLSchema#string>	"hasHost"^^<http://www.w3.org/2001/XMLSchema#string>	<http://www.wikidata.org/entity/Q3719781>	"tylenchulus semipenetrans"^^<http://www.w3.org/2001/XMLSchema#string>	"allelopathOf"^^<http://www.w3.org/2001/XMLSchema#string>	<http://www.wikidata.org/entity/Q500>	"Citrus limon"^^<http://www.w3.org/2001/XMLSchema#string>	"hasHost"^^<http://www.w3.org/2001/XMLSchema#string>		"10.5962/bhl.title.85827"^^<http://www.w3.org/2001/XMLSchema#string>	
<http://www.wikidata.org/entity/Q139958>	"Fusarium oxysporum"^^<http://www.w3.org/2001/XMLSchema#string>	"hasHost"^^<http://www.w3.org/2001/XMLSchema#string>	<http://www.wikidata.org/entity/Q10887953>	"Brachiaria brizantha"^^<http://www.w3.org/2001/XMLSchema#string>	"allelopathOf"^^<http://www.w3.org/2001/XMLSchema#string>	<http://www.wikidata.org/entity/Q11575>	"Zea mays L."^^<http://www.w3.org/2001/XMLSchema#string>	"hasHost"^^<http://www.w3.org/2001/XMLSchema#string>		"10.1002/ps.6261"^^<http://www.w3.org/2001/XMLSchema#string>	
<http://www.wikidata.org/entity/Q139958>	"Fusarium oxysporum"^^<http://www.w3.org/2001/XMLSchema#string>	"hasHost"^^<http://www.w3.org/2001/XMLSchema#string>	<http://www.wikidata.org/entity/Q2165315>	"Sclerotinia sclerotiorum"^^<http://www.w3.org/2001/XMLSchema#string>	"allelopathOf"^^<http://www.w3.org/2001/XMLSchema#string>	<http://www.wikidata.org/entity/Q310438>	"Bean"^^<http://www.w3.org/2001/XMLSchema#string>	"hasHost"^^<http://www.w3.org/2001/XMLSchema#string>		"10.5962/bhl.title.85555"^^<http://www.w3.org/2001/XMLSchema#string>	
<http://www.wikidata.org/entity/Q139958>	"Fusarium oxysporum"^^<http://www.w3.org/2001/XMLSchema#string>	"hasHost"^^<http://www.w3.org/2001/XMLSchema#string>	<http://www.wikidata.org/entity/Q2165315>	"Sclerotinia sclerotiorum"^^<http://www.w3.org/2001/XMLSchema#string>	"allelopathOf"^^<http://www.w3.org/2001/XMLSchema#string>	<http://www.wikidata.org/entity/Q578052>	"Lettuce"^^<http://www.w3.org/2001/XMLSchema#string>	"hasHost"^^<http://www.w3.org/2001/XMLSchema#string>		"10.5962/bhl.title.85555"^^<http://www.w3.org/2001/XMLSchema#string>	
<http://www.wikidata.org/entity/Q139958>	"Fusarium oxysporum"^^<http://www.w3.org/2001/XMLSchema#string>	"hasHost"^^<http://www.w3.org/2001/XMLSchema#string>	<http://www.wikidata.org/entity/Q2165315>	"Sclerotinia sclerotiorum"^^<http://www.w3.org/2001/XMLSchema#string>	"allelopathOf"^^<http://www.w3.org/2001/XMLSchema#string>	<http://www.wikidata.org/entity/Q58677>	"Cabbage"^^<http://www.w3.org/2001/XMLSchema#string>	"hasHost"^^<http://www.w3.org/2001/XMLSchema#string>		"10.5962/bhl.title.85555"^^<http://www.w3.org/2001/XMLSchema#string>	
<http://www.wikidata.org/entity/Q149125>	"Thanatephorus cucumeris"^^<http://www.w3.org/2001/XMLSchema#string>	"hasHost"^^<http://www.w3.org/2001/XMLSchema#string>	<http://www.wikidata.org/entity/Q15487737>	"Desmodium uncinatum"^^<http://www.w3.org/2001/XMLSchema#string>	"allelopathOf"^^<http://www.w3.org/2001/XMLSchema#string>	<http://www.wikidata.org/entity/Q11575>	"Zea mays"^^<http://www.w3.org/2001/XMLSchema#string>	"hasHost"^^<http://www.w3.org/2001/XMLSchema#string>		"10.1016/j.cropro.2006.01.008"^^<http://www.w3.org/2001/XMLSchema#string>	
<http://www.wikidata.org/entity/Q1629307>	"Ascotis selenaria"^^<http://www.w3.org/2001/XMLSchema#string>	"hasHost"^^<http://www.w3.org/2001/XMLSchema#string>	<http://www.wikidata.org/entity/Q66501499>	"Loranthus"^^<http://www.w3.org/2001/XMLSchema#string>	"allelopathOf"^^<http://www.w3.org/2001/XMLSchema#string>	<http://www.wikidata.org/entity/Q80024>	"Citrus grandis"^^<http://www.w3.org/2001/XMLSchema#string>	"hasHost"^^<http://www.w3.org/2001/XMLSchema#string>		"10.5962/bhl.title.85827"^^<http://www.w3.org/2001/XMLSchema#string>	
<http://www.wikidata.org/entity/Q19137>	"Acari"^^<http://www.w3.org/2001/XMLSchema#string>	"hasHost"^^<http://www.w3.org/2001/XMLSchema#string>	<http://www.wikidata.org/entity/Q473745>	"Armillaria mellea"^^<http://www.w3.org/2001/XMLSchema#string>	"allelopathOf"^^<http://www.w3.org/2001/XMLSchema#string>	<http://www.wikidata.org/entity/Q13189>	"Peach"^^<http://www.w3.org/2001/XMLSchema#string>	"hasHost"^^<http://www.w3.org/2001/XMLSchema#string>		"10.5962/bhl.title.85555"^^<http://www.w3.org/2001/XMLSchema#string>	
<http://www.wikidata.org/entity/Q2066891>	"Phoma"^^<http://www.w3.org/2001/XMLSchema#string>	"hasHost"^^<http://www.w3.org/2001/XMLSchema#string>	<http://www.wikidata.org/entity/Q190505>	"Cuscuta"^^<http://www.w3.org/2001/XMLSchema#string>	"allelopathOf"^^<http://www.w3.org/2001/XMLSchema#string>	<http://www.wikidata.org/entity/Q36050>	"Salix"^^<http://www.w3.org/2001/XMLSchema#string>	"hasHost"^^<http://www.w3.org/2001/XMLSchema#string>		"10.5962/bhl.title.85827"^^<http://www.w3.org/2001/XMLSchema#string>	
<http://www.wikidata.org/entity/Q2066891>	"Phoma"^^<http://www.w3.org/2001/XMLSchema#string>	"hasHost"^^<http://www.w3.org/2001/XMLSchema#string>	<http://www.wikidata.org/entity/Q2717285>	"Desmodium incanum"^^<http://www.w3.org/2001/XMLSchema#string>	"allelopathOf"^^<http://www.w3.org/2001/XMLSchema#string>	<http://www.wikidata.org/entity/Q12111>	"Sorghum"^^<http://www.w3.org/2001/XMLSchema#string>	"hasHost"^^<http://www.w3.org/2001/XMLSchema#string>		"10.1016/j.phytochem.2015.06.026"^^<http://www.w3.org/2001/XMLSchema#string>	
<http://www.wikidata.org/entity/Q2072494>	"Trichothecium roseum"^^<http://www.w3.org/2001/XMLSchema#string>	"hasHost"^^<http://www.w3.org/2001/XMLSchema#string>	<http://www.wikidata.org/entity/Q107627618>	"Dibotryon morbosum"^^<http://www.w3.org/2001/XMLSchema#string>	"allelopathOf"^^<http://www.w3.org/2001/XMLSchema#string>	<http://www.wikidata.org/entity/Q190545>	"Cherry"^^<http://www.w3.org/2001/XMLSchema#string>	"hasHost"^^<http://www.w3.org/2001/XMLSchema#string>		"10.5962/bhl.title.85555"^^<http://www.w3.org/2001/XMLSchema#string>	
<http://www.wikidata.org/entity/Q2072494>	"Trichothecium roseum"^^<http://www.w3.org/2001/XMLSchema#string>	"hasHost"^^<http://www.w3.org/2001/XMLSchema#string>	<http://www.wikidata.org/entity/Q107627618>	"Dibotryon morbosum"^^<http://www.w3.org/2001/XMLSchema#string>	"allelopathOf"^^<http://www.w3.org/2001/XMLSchema#string>	<http://www.wikidata.org/entity/Q44120>	"Plum"^^<http://www.w3.org/2001/XMLSchema#string>	"hasHost"^^<http://www.w3.org/2001/XMLSchema#string>		"10.5962/bhl.title.85555"^^<http://www.w3.org/2001/XMLSchema#string>	
<http://www.wikidata.org/entity/Q2072494>	"Trichothecium roseum"^^<http://www.w3.org/2001/XMLSchema#string>	"hasHost"^^<http://www.w3.org/2001/XMLSchema#string>	<http://www.wikidata.org/entity/Q15509798>	"Brachiaria decumbens"^^<http://www.w3.org/2001/XMLSchema#string>	"allelopathOf"^^<http://www.w3.org/2001/XMLSchema#string>	<http://www.wikidata.org/entity/Q11575>	"Zea mays L."^^<http://www.w3.org/2001/XMLSchema#string>	"hasHost"^^<http://www.w3.org/2001/XMLSchema#string>		"10.1002/ps.6261"^^<http://www.w3.org/2001/XMLSchema#string>	
<http://www.wikidata.org/entity/Q21400150>	"Puccinia pruni-spinosae"^^<http://www.w3.org/2001/XMLSchema#string>	"hasHost"^^<http://www.w3.org/2001/XMLSchema#string>	<http://www.wikidata.org/entity/Q10701362>	"Tranzschelia pruni-spinosae"^^<http://www.w3.org/2001/XMLSchema#string>	"allelopathOf"^^<http://www.w3.org/2001/XMLSchema#string>	<http://www.wikidata.org/entity/Q37453>	"Apricot"^^<http://www.w3.org/2001/XMLSchema#string>	"hasHost"^^<http://www.w3.org/2001/XMLSchema#string>		"10.5962/bhl.title.85555"^^<http://www.w3.org/2001/XMLSchema#string>	
<http://www.wikidata.org/entity/Q21400150>	"Puccinia pruni-spinosae"^^<http://www.w3.org/2001/XMLSchema#string>	"hasHost"^^<http://www.w3.org/2001/XMLSchema#string>	<http://www.wikidata.org/entity/Q10701362>	"Tranzschelia pruni-spinosae"^^<http://www.w3.org/2001/XMLSchema#string>	"allelopathOf"^^<http://www.w3.org/2001/XMLSchema#string>	<http://www.wikidata.org/entity/Q44120>	"Plum"^^<http://www.w3.org/2001/XMLSchema#string>	"hasHost"^^<http://www.w3.org/2001/XMLSchema#string>		"10.5962/bhl.title.85555"^^<http://www.w3.org/2001/XMLSchema#string>	
<http://www.wikidata.org/entity/Q2165315>	"Sclerotinia sclerotiorum"^^<http://www.w3.org/2001/XMLSchema#string>	"hasHost"^^<http://www.w3.org/2001/XMLSchema#string>	<http://www.wikidata.org/entity/Q15509798>	"Brachiaria decumbens"^^<http://www.w3.org/2001/XMLSchema#string>	"allelopathOf"^^<http://www.w3.org/2001/XMLSchema#string>	<http://www.wikidata.org/entity/Q11575>	"Zea mays L."^^<http://www.w3.org/2001/XMLSchema#string>	"hasHost"^^<http://www.w3.org/2001/XMLSchema#string>		"10.1002/ps.6261"^^<http://www.w3.org/2001/XMLSchema#string>	
<http://www.wikidata.org/entity/Q2704244>	"Alternaria alternata"^^<http://www.w3.org/2001/XMLSchema#string>	"hasHost"^^<http://www.w3.org/2001/XMLSchema#string>	<http://www.wikidata.org/entity/Q10887953>	"Brachiaria brizantha"^^<http://www.w3.org/2001/XMLSchema#string>	"allelopathOf"^^<http://www.w3.org/2001/XMLSchema#string>	<http://www.wikidata.org/entity/Q11575>	"Zea mays L."^^<http://www.w3.org/2001/XMLSchema#string>	"hasHost"^^<http://www.w3.org/2001/XMLSchema#string>		"10.1002/ps.6261"^^<http://www.w3.org/2001/XMLSchema#string>	
<http://www.wikidata.org/entity/Q2704244>	"Alternaria alternata"^^<http://www.w3.org/2001/XMLSchema#string>	"hasHost"^^<http://www.w3.org/2001/XMLSchema#string>	<http://www.wikidata.org/entity/Q15509798>	"Brachiaria decumbens"^^<http://www.w3.org/2001/XMLSchema#string>	"allelopathOf"^^<http://www.w3.org/2001/XMLSchema#string>	<http://www.wikidata.org/entity/Q11575>	"Zea mays L."^^<http://www.w3.org/2001/XMLSchema#string>	"hasHost"^^<http://www.w3.org/2001/XMLSchema#string>		"10.1002/ps.6261"^^<http://www.w3.org/2001/XMLSchema#string>	
<http://www.wikidata.org/entity/Q2715913>	"Spodoptera frugiperda"^^<http://www.w3.org/2001/XMLSchema#string>	"hasHost"^^<http://www.w3.org/2001/XMLSchema#string>	<http://www.wikidata.org/entity/Q15509798>	"Brachiaria decumbens"^^<http://www.w3.org/2001/XMLSchema#string>	"allelopathOf"^^<http://www.w3.org/2001/XMLSchema#string>	<http://www.wikidata.org/entity/Q11575>	"Zea mays L."^^<http://www.w3.org/2001/XMLSchema#string>	"hasHost"^^<http://www.w3.org/2001/XMLSchema#string>		"10.1002/ps.6261"^^<http://www.w3.org/2001/XMLSchema#string>	
<http://www.wikidata.org/entity/Q28401122>	"Nigrospora sphaerica"^^<http://www.w3.org/2001/XMLSchema#string>	"hasHost"^^<http://www.w3.org/2001/XMLSchema#string>	<http://www.wikidata.org/entity/Q10887953>	"Brachiaria brizantha"^^<http://www.w3.org/2001/XMLSchema#string>	"allelopathOf"^^<http://www.w3.org/2001/XMLSchema#string>	<http://www.wikidata.org/entity/Q11575>	"Zea mays L."^^<http://www.w3.org/2001/XMLSchema#string>	"hasHost"^^<http://www.w3.org/2001/XMLSchema#string>		"10.1002/ps.6261"^^<http://www.w3.org/2001/XMLSchema#string>	
<http://www.wikidata.org/entity/Q305162>	"Puccinia coronata"^^<http://www.w3.org/2001/XMLSchema#string>	"hasHost"^^<http://www.w3.org/2001/XMLSchema#string>	<http://www.wikidata.org/entity/Q612789>	"Ustilago avenae"^^<http://www.w3.org/2001/XMLSchema#string>	"allelopathOf"^^<http://www.w3.org/2001/XMLSchema#string>	<http://www.wikidata.org/entity/Q11577>	"Barley"^^<http://www.w3.org/2001/XMLSchema#string>	"hasHost"^^<http://www.w3.org/2001/XMLSchema#string>		"10.5962/bhl.title.85555"^^<http://www.w3.org/2001/XMLSchema#string>	
<http://www.wikidata.org/entity/Q305162>	"Puccinia coronata"^^<http://www.w3.org/2001/XMLSchema#string>	"hasHost"^^<http://www.w3.org/2001/XMLSchema#string>	<http://www.wikidata.org/entity/Q612789>	"Ustilago avenae"^^<http://www.w3.org/2001/XMLSchema#string>	"allelopathOf"^^<http://www.w3.org/2001/XMLSchema#string>	<http://www.wikidata.org/entity/Q146760>	"Oats"^^<http://www.w3.org/2001/XMLSchema#string>	"hasHost"^^<http://www.w3.org/2001/XMLSchema#string>		"10.5962/bhl.title.85555"^^<http://www.w3.org/2001/XMLSchema#string>	
<http://www.wikidata.org/entity/Q305162>	"Puccinia coronata"^^<http://www.w3.org/2001/XMLSchema#string>	"hasHost"^^<http://www.w3.org/2001/XMLSchema#string>	<http://www.wikidata.org/entity/Q612789>	"Ustilago avenae"^^<http://www.w3.org/2001/XMLSchema#string>	"allelopathOf"^^<http://www.w3.org/2001/XMLSchema#string>	<http://www.wikidata.org/entity/Q159815>	"Arrhenatherum elatius"^^<http://www.w3.org/2001/XMLSchema#string>	"hasHost"^^<http://www.w3.org/2001/XMLSchema#string>		"10.5962/bhl.title.85562"^^<http://www.w3.org/2001/XMLSchema#string>	
<http://www.wikidata.org/entity/Q30906964>	"Rhizoctonia solani"^^<http://www.w3.org/2001/XMLSchema#string>	"hasHost"^^<http://www.w3.org/2001/XMLSchema#string>	<http://www.wikidata.org/entity/Q10887953>	"Brachiaria brizantha"^^<http://www.w3.org/2001/XMLSchema#string>	"allelopathOf"^^<http://www.w3.org/2001/XMLSchema#string>	<http://www.wikidata.org/entity/Q11575>	"Zea mays L."^^<http://www.w3.org/2001/XMLSchema#string>	"hasHost"^^<http://www.w3.org/2001/XMLSchema#string>		"10.1002/ps.6261"^^<http://www.w3.org/2001/XMLSchema#string>	
<http://www.wikidata.org/entity/Q30906964>	"Rhizoctonia solani"^^<http://www.w3.org/2001/XMLSchema#string>	"hasHost"^^<http://www.w3.org/2001/XMLSchema#string>	<http://www.wikidata.org/entity/Q15487737>	"Desmodium uncinatum"^^<http://www.w3.org/2001/XMLSchema#string>	"allelopathOf"^^<http://www.w3.org/2001/XMLSchema#string>	<http://www.wikidata.org/entity/Q11575>	"Zea mays"^^<http://www.w3.org/2001/XMLSchema#string>	"hasHost"^^<http://www.w3.org/2001/XMLSchema#string>		"10.1016/j.cropro.2006.01.008"^^<http://www.w3.org/2001/XMLSchema#string>	
<http://www.wikidata.org/entity/Q30906964>	"Rhizoctonia solani"^^<http://www.w3.org/2001/XMLSchema#string>	"hasHost"^^<http://www.w3.org/2001/XMLSchema#string>	<http://www.wikidata.org/entity/Q15509798>	"Brachiaria decumbens"^^<http://www.w3.org/2001/XMLSchema#string>	"allelopathOf"^^<http://www.w3.org/2001/XMLSchema#string>	<http://www.wikidata.org/entity/Q11575>	"Zea mays L."^^<http://www.w3.org/2001/XMLSchema#string>	"hasHost"^^<http://www.w3.org/2001/XMLSchema#string>		"10.1002/ps.6261"^^<http://www.w3.org/2001/XMLSchema#string>	
<http://www.wikidata.org/entity/Q3278240>	"Ustilaginoidea virens"^^<http://www.w3.org/2001/XMLSchema#string>	"hasHost"^^<http://www.w3.org/2001/XMLSchema#string>	<http://www.wikidata.org/entity/Q10887953>	"Brachiaria brizantha"^^<http://www.w3.org/2001/XMLSchema#string>	"allelopathOf"^^<http://www.w3.org/2001/XMLSchema#string>	<http://www.wikidata.org/entity/Q11575>	"Zea mays L."^^<http://www.w3.org/2001/XMLSchema#string>	"hasHost"^^<http://www.w3.org/2001/XMLSchema#string>		"10.1002/ps.6261"^^<http://www.w3.org/2001/XMLSchema#string>	
<http://www.wikidata.org/entity/Q3278240>	"Ustilaginoidea virens"^^<http://www.w3.org/2001/XMLSchema#string>	"hasHost"^^<http://www.w3.org/2001/XMLSchema#string>	<http://www.wikidata.org/entity/Q15509798>	"Brachiaria decumbens"^^<http://www.w3.org/2001/XMLSchema#string>	"allelopathOf"^^<http://www.w3.org/2001/XMLSchema#string>	<http://www.wikidata.org/entity/Q11575>	"Zea mays L."^^<http://www.w3.org/2001/XMLSchema#string>	"hasHost"^^<http://www.w3.org/2001/XMLSchema#string>		"10.1002/ps.6261"^^<http://www.w3.org/2001/XMLSchema#string>	
<http://www.wikidata.org/entity/Q3352039>	"Omiodes indicata"^^<http://www.w3.org/2001/XMLSchema#string>	"hasHost"^^<http://www.w3.org/2001/XMLSchema#string>	<http://www.wikidata.org/entity/Q15240093>	"Desmodium intortum"^^<http://www.w3.org/2001/XMLSchema#string>	"allelopathOf"^^<http://www.w3.org/2001/XMLSchema#string>	<http://www.wikidata.org/entity/Q11575>	"Zea mays"^^<http://www.w3.org/2001/XMLSchema#string>	"hasHost"^^<http://www.w3.org/2001/XMLSchema#string>		"10.1016/j.cropro.2006.01.008"^^<http://www.w3.org/2001/XMLSchema#string>	
<http://www.wikidata.org/entity/Q3352039>	"Omiodes indicata"^^<http://www.w3.org/2001/XMLSchema#string>	"hasHost"^^<http://www.w3.org/2001/XMLSchema#string>	<http://www.wikidata.org/entity/Q15240093>	"Desmodium intortum"^^<http://www.w3.org/2001/XMLSchema#string>	"allelopathOf"^^<http://www.w3.org/2001/XMLSchema#string>	<http://www.wikidata.org/entity/Q11575>	"Zea mays L."^^<http://www.w3.org/2001/XMLSchema#string>	"hasHost"^^<http://www.w3.org/2001/XMLSchema#string>		"10.1002/ps.6261"^^<http://www.w3.org/2001/XMLSchema#string>	
<http://www.wikidata.org/entity/Q3678954>	"Cladosporium herbarum"^^<http://www.w3.org/2001/XMLSchema#string>	"hasHost"^^<http://www.w3.org/2001/XMLSchema#string>	<http://www.wikidata.org/entity/Q1310367>	"Puccinia coronata"^^<http://www.w3.org/2001/XMLSchema#string>	"allelopathOf"^^<http://www.w3.org/2001/XMLSchema#string>	<http://www.wikidata.org/entity/Q157419>	"Phalaris arudinacea"^^<http://www.w3.org/2001/XMLSchema#string>	"hasHost"^^<http://www.w3.org/2001/XMLSchema#string>		"10.5962/bhl.title.85562"^^<http://www.w3.org/2001/XMLSchema#string>	
<http://www.wikidata.org/entity/Q3678954>	"Cladosporium herbarum"^^<http://www.w3.org/2001/XMLSchema#string>	"hasHost"^^<http://www.w3.org/2001/XMLSchema#string>	<http://www.wikidata.org/entity/Q1310367>	"Puccinia coronata"^^<http://www.w3.org/2001/XMLSchema#string>	"allelopathOf"^^<http://www.w3.org/2001/XMLSchema#string>	<http://www.wikidata.org/entity/Q157883>	"Lolium multiflorum"^^<http://www.w3.org/2001/XMLSchema#string>	"hasHost"^^<http://www.w3.org/2001/XMLSchema#string>		"10.5962/bhl.title.85562"^^<http://www.w3.org/2001/XMLSchema#string>	
<http://www.wikidata.org/entity/Q3678954>	"Cladosporium herbarum"^^<http://www.w3.org/2001/XMLSchema#string>	"hasHost"^^<http://www.w3.org/2001/XMLSchema#string>	<http://www.wikidata.org/entity/Q1310367>	"Puccinia coronata"^^<http://www.w3.org/2001/XMLSchema#string>	"allelopathOf"^^<http://www.w3.org/2001/XMLSchema#string>	<http://www.wikidata.org/entity/Q157922>	"Festuca elatior"^^<http://www.w3.org/2001/XMLSchema#string>	"hasHost"^^<http://www.w3.org/2001/XMLSchema#string>		"10.5962/bhl.title.85562"^^<http://www.w3.org/2001/XMLSchema#string>	
<http://www.wikidata.org/entity/Q3678954>	"Cladosporium herbarum"^^<http://www.w3.org/2001/XMLSchema#string>	"hasHost"^^<http://www.w3.org/2001/XMLSchema#string>	<http://www.wikidata.org/entity/Q1310367>	"Puccinia coronata"^^<http://www.w3.org/2001/XMLSchema#string>	"allelopathOf"^^<http://www.w3.org/2001/XMLSchema#string>	<http://www.wikidata.org/entity/Q158110>	"Holcus lanatus"^^<http://www.w3.org/2001/XMLSchema#string>	"hasHost"^^<http://www.w3.org/2001/XMLSchema#string>		"10.5962/bhl.title.85562"^^<http://www.w3.org/2001/XMLSchema#string>	
<http://www.wikidata.org/entity/Q3678954>	"Cladosporium herbarum"^^<http://www.w3.org/2001/XMLSchema#string>	"hasHost"^^<http://www.w3.org/2001/XMLSchema#string>	<http://www.wikidata.org/entity/Q1310367>	"Puccinia coronata"^^<http://www.w3.org/2001/XMLSchema#string>	"allelopathOf"^^<http://www.w3.org/2001/XMLSchema#string>	<http://www.wikidata.org/entity/Q158634>	"Avena fatua"^^<http://www.w3.org/2001/XMLSchema#string>	"hasHost"^^<http://www.w3.org/2001/XMLSchema#string>		"10.5962/bhl.title.85562"^^<http://www.w3.org/2001/XMLSchema#string>	
<http://www.wikidata.org/entity/Q3678954>	"Cladosporium herbarum"^^<http://www.w3.org/2001/XMLSchema#string>	"hasHost"^^<http://www.w3.org/2001/XMLSchema#string>	<http://www.wikidata.org/entity/Q1310367>	"Puccinia coronata"^^<http://www.w3.org/2001/XMLSchema#string>	"allelopathOf"^^<http://www.w3.org/2001/XMLSchema#string>	<http://www.wikidata.org/entity/Q159722>	"Deschampsia caespitosa"^^<http://www.w3.org/2001/XMLSchema#string>	"hasHost"^^<http://www.w3.org/2001/XMLSchema#string>		"10.5962/bhl.title.85562"^^<http://www.w3.org/2001/XMLSchema#string>	
<http://www.wikidata.org/entity/Q3678954>	"Cladosporium herbarum"^^<http://www.w3.org/2001/XMLSchema#string>	"hasHost"^^<http://www.w3.org/2001/XMLSchema#string>	<http://www.wikidata.org/entity/Q1310367>	"Puccinia coronata"^^<http://www.w3.org/2001/XMLSchema#string>	"allelopathOf"^^<http://www.w3.org/2001/XMLSchema#string>	<http://www.wikidata.org/entity/Q161722>	"Lolium perenne"^^<http://www.w3.org/2001/XMLSchema#string>	"hasHost"^^<http://www.w3.org/2001/XMLSchema#string>		"10.5962/bhl.title.85562"^^<http://www.w3.org/2001/XMLSchema#string>	
<http://www.wikidata.org/entity/Q3678954>	"Cladosporium herbarum"^^<http://www.w3.org/2001/XMLSchema#string>	"hasHost"^^<http://www.w3.org/2001/XMLSchema#string>	<http://www.wikidata.org/entity/Q1310367>	"Puccinia coronata"^^<http://www.w3.org/2001/XMLSchema#string>	"allelopathOf"^^<http://www.w3.org/2001/XMLSchema#string>	<http://www.wikidata.org/entity/Q5018360>	"Calamagrostis canadensis"^^<http://www.w3.org/2001/XMLSchema#string>	"hasHost"^^<http://www.w3.org/2001/XMLSchema#string>		"10.5962/bhl.title.85562"^^<http://www.w3.org/2001/XMLSchema#string>	
<http://www.wikidata.org/entity/Q3683010>	"Colletotrichum gloeosporioides"^^<http://www.w3.org/2001/XMLSchema#string>	"hasHost"^^<http://www.w3.org/2001/XMLSchema#string>	<http://www.wikidata.org/entity/Q10887953>	"Brachiaria brizantha"^^<http://www.w3.org/2001/XMLSchema#string>	"allelopathOf"^^<http://www.w3.org/2001/XMLSchema#string>	<http://www.wikidata.org/entity/Q11575>	"Zea mays L."^^<http://www.w3.org/2001/XMLSchema#string>	"hasHost"^^<http://www.w3.org/2001/XMLSchema#string>		"10.1002/ps.6261"^^<http://www.w3.org/2001/XMLSchema#string>	
<http://www.wikidata.org/entity/Q3683010>	"Colletotrichum gloeosporioides"^^<http://www.w3.org/2001/XMLSchema#string>	"hasHost"^^<http://www.w3.org/2001/XMLSchema#string>	<http://www.wikidata.org/entity/Q15240093>	"Desmodium intortum"^^<http://www.w3.org/2001/XMLSchema#string>	"allelopathOf"^^<http://www.w3.org/2001/XMLSchema#string>	<http://www.wikidata.org/entity/Q11575>	"Zea mays"^^<http://www.w3.org/2001/XMLSchema#string>	"hasHost"^^<http://www.w3.org/2001/XMLSchema#string>		"10.1016/j.cropro.2006.01.008"^^<http://www.w3.org/2001/XMLSchema#string>	
<http://www.wikidata.org/entity/Q3683010>	"Colletotrichum gloeosporioides"^^<http://www.w3.org/2001/XMLSchema#string>	"hasHost"^^<http://www.w3.org/2001/XMLSchema#string>	<http://www.wikidata.org/entity/Q15240093>	"Desmodium intortum"^^<http://www.w3.org/2001/XMLSchema#string>	"allelopathOf"^^<http://www.w3.org/2001/XMLSchema#string>	<http://www.wikidata.org/entity/Q11575>	"Zea mays L."^^<http://www.w3.org/2001/XMLSchema#string>	"hasHost"^^<http://www.w3.org/2001/XMLSchema#string>		"10.1002/ps.6261"^^<http://www.w3.org/2001/XMLSchema#string>	
<http://www.wikidata.org/entity/Q3837959>	"Nectria coccinea"^^<http://www.w3.org/2001/XMLSchema#string>	"hasHost"^^<http://www.w3.org/2001/XMLSchema#string>	<http://www.wikidata.org/entity/Q59565255>	"Cryptococcus fagi"^^<http://www.w3.org/2001/XMLSchema#string>	"allelopathOf"^^<http://www.w3.org/2001/XMLSchema#string>	<http://www.wikidata.org/entity/Q25403>	"Beech"^^<http://www.w3.org/2001/XMLSchema#string>	"hasHost"^^<http://www.w3.org/2001/XMLSchema#string>		"10.5962/bhl.title.85555"^^<http://www.w3.org/2001/XMLSchema#string>	
<http://www.wikidata.org/entity/Q3915697>	"Trichoderma viride"^^<http://www.w3.org/2001/XMLSchema#string>	"hasHost"^^<http://www.w3.org/2001/XMLSchema#string>	<http://www.wikidata.org/entity/Q10887953>	"Brachiaria brizantha"^^<http://www.w3.org/2001/XMLSchema#string>	"allelopathOf"^^<http://www.w3.org/2001/XMLSchema#string>	<http://www.wikidata.org/entity/Q11575>	"Zea mays L."^^<http://www.w3.org/2001/XMLSchema#string>	"hasHost"^^<http://www.w3.org/2001/XMLSchema#string>		"10.1002/ps.6261"^^<http://www.w3.org/2001/XMLSchema#string>	
<http://www.wikidata.org/entity/Q41793778>	"Pithomyces chartarum"^^<http://www.w3.org/2001/XMLSchema#string>	"hasHost"^^<http://www.w3.org/2001/XMLSchema#string>	<http://www.wikidata.org/entity/Q10887953>	"Brachiaria brizantha"^^<http://www.w3.org/2001/XMLSchema#string>	"allelopathOf"^^<http://www.w3.org/2001/XMLSchema#string>	<http://www.wikidata.org/entity/Q11575>	"Zea mays L."^^<http://www.w3.org/2001/XMLSchema#string>	"hasHost"^^<http://www.w3.org/2001/XMLSchema#string>		"10.1002/ps.6261"^^<http://www.w3.org/2001/XMLSchema#string>	
<http://www.wikidata.org/entity/Q41793778>	"Pithomyces chartarum"^^<http://www.w3.org/2001/XMLSchema#string>	"hasHost"^^<http://www.w3.org/2001/XMLSchema#string>	<http://www.wikidata.org/entity/Q15240093>	"Desmodium intortum"^^<http://www.w3.org/2001/XMLSchema#string>	"allelopathOf"^^<http://www.w3.org/2001/XMLSchema#string>	<http://www.wikidata.org/entity/Q11575>	"Zea mays"^^<http://www.w3.org/2001/XMLSchema#string>	"hasHost"^^<http://www.w3.org/2001/XMLSchema#string>		"10.1016/j.cropro.2006.01.008"^^<http://www.w3.org/2001/XMLSchema#string>	
<http://www.wikidata.org/entity/Q41793778>	"Pithomyces chartarum"^^<http://www.w3.org/2001/XMLSchema#string>	"hasHost"^^<http://www.w3.org/2001/XMLSchema#string>	<http://www.wikidata.org/entity/Q15240093>	"Desmodium intortum"^^<http://www.w3.org/2001/XMLSchema#string>	"allelopathOf"^^<http://www.w3.org/2001/XMLSchema#string>	<http://www.wikidata.org/entity/Q11575>	"Zea mays L."^^<http://www.w3.org/2001/XMLSchema#string>	"hasHost"^^<http://www.w3.org/2001/XMLSchema#string>		"10.1002/ps.6261"^^<http://www.w3.org/2001/XMLSchema#string>	
<http://www.wikidata.org/entity/Q41793778>	"Pithomyces chartarum"^^<http://www.w3.org/2001/XMLSchema#string>	"hasHost"^^<http://www.w3.org/2001/XMLSchema#string>	<http://www.wikidata.org/entity/Q15509798>	"Brachiaria decumbens"^^<http://www.w3.org/2001/XMLSchema#string>	"allelopathOf"^^<http://www.w3.org/2001/XMLSchema#string>	<http://www.wikidata.org/entity/Q11575>	"Zea mays L."^^<http://www.w3.org/2001/XMLSchema#string>	"hasHost"^^<http://www.w3.org/2001/XMLSchema#string>		"10.1002/ps.6261"^^<http://www.w3.org/2001/XMLSchema#string>	
<http://www.wikidata.org/entity/Q4675279>	"Acrobasis tricolorella"^^<http://www.w3.org/2001/XMLSchema#string>	"hasHost"^^<http://www.w3.org/2001/XMLSchema#string>	<http://www.wikidata.org/entity/Q107627618>	"Dibotryon morbosum"^^<http://www.w3.org/2001/XMLSchema#string>	"allelopathOf"^^<http://www.w3.org/2001/XMLSchema#string>	<http://www.wikidata.org/entity/Q190545>	"Cherry"^^<http://www.w3.org/2001/XMLSchema#string>	"hasHost"^^<http://www.w3.org/2001/XMLSchema#string>		"10.5962/bhl.title.85555"^^<http://www.w3.org/2001/XMLSchema#string>	
<http://www.wikidata.org/entity/Q4675279>	"Acrobasis tricolorella"^^<http://www.w3.org/2001/XMLSchema#string>	"hasHost"^^<http://www.w3.org/2001/XMLSchema#string>	<http://www.wikidata.org/entity/Q107627618>	"Dibotryon morbosum"^^<http://www.w3.org/2001/XMLSchema#string>	"allelopathOf"^^<http://www.w3.org/2001/XMLSchema#string>	<http://www.wikidata.org/entity/Q44120>	"Plum"^^<http://www.w3.org/2001/XMLSchema#string>	"hasHost"^^<http://www.w3.org/2001/XMLSchema#string>		"10.5962/bhl.title.85555"^^<http://www.w3.org/2001/XMLSchema#string>	
<http://www.wikidata.org/entity/Q4786946>	"Archips micaceana"^^<http://www.w3.org/2001/XMLSchema#string>	"hasHost"^^<http://www.w3.org/2001/XMLSchema#string>	<http://www.wikidata.org/entity/Q190505>	"Cuscuta"^^<http://www.w3.org/2001/XMLSchema#string>	"allelopathOf"^^<http://www.w3.org/2001/XMLSchema#string>	<http://www.wikidata.org/entity/Q36050>	"Salix"^^<http://www.w3.org/2001/XMLSchema#string>	"hasHost"^^<http://www.w3.org/2001/XMLSchema#string>		"10.5962/bhl.title.85827"^^<http://www.w3.org/2001/XMLSchema#string>	
<http://www.wikidata.org/entity/Q49630882>	"Neonectria faginata"^^<http://www.w3.org/2001/XMLSchema#string>	"hasHost"^^<http://www.w3.org/2001/XMLSchema#string>	<http://www.wikidata.org/entity/Q59565255>	"Cryptococcus fagi"^^<http://www.w3.org/2001/XMLSchema#string>	"allelopathOf"^^<http://www.w3.org/2001/XMLSchema#string>	<http://www.wikidata.org/entity/Q25403>	"Beech"^^<http://www.w3.org/2001/XMLSchema#string>	"hasHost"^^<http://www.w3.org/2001/XMLSchema#string>		"10.5962/bhl.title.85555"^^<http://www.w3.org/2001/XMLSchema#string>	
<http://www.wikidata.org/entity/Q5063975>	"Cercospora apii"^^<http://www.w3.org/2001/XMLSchema#string>	"hasHost"^^<http://www.w3.org/2001/XMLSchema#string>	<http://www.wikidata.org/entity/Q10887953>	"Brachiaria brizantha"^^<http://www.w3.org/2001/XMLSchema#string>	"allelopathOf"^^<http://www.w3.org/2001/XMLSchema#string>	<http://www.wikidata.org/entity/Q11575>	"Zea mays L."^^<http://www.w3.org/2001/XMLSchema#string>	"hasHost"^^<http://www.w3.org/2001/XMLSchema#string>		"10.1002/ps.6261"^^<http://www.w3.org/2001/XMLSchema#string>	
<http://www.wikidata.org/entity/Q5063991>	"Cercospora fusimaculans"^^<http://www.w3.org/2001/XMLSchema#string>	"hasHost"^^<http://www.w3.org/2001/XMLSchema#string>	<http://www.wikidata.org/entity/Q10887953>	"Brachiaria brizantha"^^<http://www.w3.org/2001/XMLSchema#string>	"allelopathOf"^^<http://www.w3.org/2001/XMLSchema#string>	<http://www.wikidata.org/entity/Q11575>	"Zea mays L."^^<http://www.w3.org/2001/XMLSchema#string>	"hasHost"^^<http://www.w3.org/2001/XMLSchema#string>		"10.1002/ps.6261"^^<http://www.w3.org/2001/XMLSchema#string>	
<http://www.wikidata.org/entity/Q5063991>	"Cercospora fusimaculans"^^<http://www.w3.org/2001/XMLSchema#string>	"hasHost"^^<http://www.w3.org/2001/XMLSchema#string>	<http://www.wikidata.org/entity/Q15509403>	"Brachiaria ruziziensis"^^<http://www.w3.org/2001/XMLSchema#string>	"allelopathOf"^^<http://www.w3.org/2001/XMLSchema#string>	<http://www.wikidata.org/entity/Q11575>	"Zea mays L."^^<http://www.w3.org/2001/XMLSchema#string>	"hasHost"^^<http://www.w3.org/2001/XMLSchema#string>		"10.1002/ps.6261"^^<http://www.w3.org/2001/XMLSchema#string>	
<http://www.wikidata.org/entity/Q5063991>	"Cercospora fusimaculans"^^<http://www.w3.org/2001/XMLSchema#string>	"hasHost"^^<http://www.w3.org/2001/XMLSchema#string>	<http://www.wikidata.org/entity/Q15509798>	"Brachiaria decumbens"^^<http://www.w3.org/2001/XMLSchema#string>	"allelopathOf"^^<http://www.w3.org/2001/XMLSchema#string>	<http://www.wikidata.org/entity/Q11575>	"Zea mays L."^^<http://www.w3.org/2001/XMLSchema#string>	"hasHost"^^<http://www.w3.org/2001/XMLSchema#string>		"10.1002/ps.6261"^^<http://www.w3.org/2001/XMLSchema#string>	
<http://www.wikidata.org/entity/Q5124957>	"Cladosporium cladosporioides"^^<http://www.w3.org/2001/XMLSchema#string>	"hasHost"^^<http://www.w3.org/2001/XMLSchema#string>	<http://www.wikidata.org/entity/Q15487737>	"Desmodium uncinatum"^^<http://www.w3.org/2001/XMLSchema#string>	"allelopathOf"^^<http://www.w3.org/2001/XMLSchema#string>	<http://www.wikidata.org/entity/Q11575>	"Zea mays"^^<http://www.w3.org/2001/XMLSchema#string>	"hasHost"^^<http://www.w3.org/2001/XMLSchema#string>		"10.1016/j.cropro.2006.01.008"^^<http://www.w3.org/2001/XMLSchema#string>	
<http://www.wikidata.org/entity/Q5196117>	"Curvularia trifolii"^^<http://www.w3.org/2001/XMLSchema#string>	"hasHost"^^<http://www.w3.org/2001/XMLSchema#string>	<http://www.wikidata.org/entity/Q15509403>	"Brachiaria ruziziensis"^^<http://www.w3.org/2001/XMLSchema#string>	"allelopathOf"^^<http://www.w3.org/2001/XMLSchema#string>	<http://www.wikidata.org/entity/Q11575>	"Zea mays L."^^<http://www.w3.org/2001/XMLSchema#string>	"hasHost"^^<http://www.w3.org/2001/XMLSchema#string>		"10.1002/ps.6261"^^<http://www.w3.org/2001/XMLSchema#string>	
<http://www.wikidata.org/entity/Q5414944>	"Euzophera semifuneralis"^^<http://www.w3.org/2001/XMLSchema#string>	"hasHost"^^<http://www.w3.org/2001/XMLSchema#string>	<http://www.wikidata.org/entity/Q107627618>	"Dibotryon morbosum"^^<http://www.w3.org/2001/XMLSchema#string>	"allelopathOf"^^<http://www.w3.org/2001/XMLSchema#string>	<http://www.wikidata.org/entity/Q190545>	"Cherry"^^<http://www.w3.org/2001/XMLSchema#string>	"hasHost"^^<http://www.w3.org/2001/XMLSchema#string>		"10.5962/bhl.title.85555"^^<http://www.w3.org/2001/XMLSchema#string>	
<http://www.wikidata.org/entity/Q5414944>	"Euzophera semifuneralis"^^<http://www.w3.org/2001/XMLSchema#string>	"hasHost"^^<http://www.w3.org/2001/XMLSchema#string>	<http://www.wikidata.org/entity/Q107627618>	"Dibotryon morbosum"^^<http://www.w3.org/2001/XMLSchema#string>	"allelopathOf"^^<http://www.w3.org/2001/XMLSchema#string>	<http://www.wikidata.org/entity/Q44120>	"Plum"^^<http://www.w3.org/2001/XMLSchema#string>	"hasHost"^^<http://www.w3.org/2001/XMLSchema#string>		"10.5962/bhl.title.85555"^^<http://www.w3.org/2001/XMLSchema#string>	
<http://www.wikidata.org/entity/Q5509912>	"Fusarium proliferatum"^^<http://www.w3.org/2001/XMLSchema#string>	"hasHost"^^<http://www.w3.org/2001/XMLSchema#string>	<http://www.wikidata.org/entity/Q10887953>	"Brachiaria brizantha"^^<http://www.w3.org/2001/XMLSchema#string>	"allelopathOf"^^<http://www.w3.org/2001/XMLSchema#string>	<http://www.wikidata.org/entity/Q11575>	"Zea mays L."^^<http://www.w3.org/2001/XMLSchema#string>	"hasHost"^^<http://www.w3.org/2001/XMLSchema#string>		"10.1002/ps.6261"^^<http://www.w3.org/2001/XMLSchema#string>	
<http://www.wikidata.org/entity/Q6528406>	"Leptosphaerulina trifolii"^^<http://www.w3.org/2001/XMLSchema#string>	"hasHost"^^<http://www.w3.org/2001/XMLSchema#string>	<http://www.wikidata.org/entity/Q10887953>	"Brachiaria brizantha"^^<http://www.w3.org/2001/XMLSchema#string>	"allelopathOf"^^<http://www.w3.org/2001/XMLSchema#string>	<http://www.wikidata.org/entity/Q11575>	"Zea mays L."^^<http://www.w3.org/2001/XMLSchema#string>	"hasHost"^^<http://www.w3.org/2001/XMLSchema#string>		"10.1002/ps.6261"^^<http://www.w3.org/2001/XMLSchema#string>	
<http://www.wikidata.org/entity/Q6948534>	"Myrothecium roridum"^^<http://www.w3.org/2001/XMLSchema#string>	"hasHost"^^<http://www.w3.org/2001/XMLSchema#string>	<http://www.wikidata.org/entity/Q628493>	"Meloidogyne incognita"^^<http://www.w3.org/2001/XMLSchema#string>	"allelopathOf"^^<http://www.w3.org/2001/XMLSchema#string>	<http://www.wikidata.org/entity/Q1137540>	"Kenaf"^^<http://www.w3.org/2001/XMLSchema#string>	"hasHost"^^<http://www.w3.org/2001/XMLSchema#string>		"10.5962/bhl.title.85555"^^<http://www.w3.org/2001/XMLSchema#string>	
<http://www.wikidata.org/entity/Q7086373>	"Olene mendosa"^^<http://www.w3.org/2001/XMLSchema#string>	"hasHost"^^<http://www.w3.org/2001/XMLSchema#string>	<http://www.wikidata.org/entity/Q66501499>	"Loranthus"^^<http://www.w3.org/2001/XMLSchema#string>	"allelopathOf"^^<http://www.w3.org/2001/XMLSchema#string>	<http://www.wikidata.org/entity/Q80024>	"Citrus grandis"^^<http://www.w3.org/2001/XMLSchema#string>	"hasHost"^^<http://www.w3.org/2001/XMLSchema#string>		"10.5962/bhl.title.85827"^^<http://www.w3.org/2001/XMLSchema#string>	
<http://www.wikidata.org/entity/Q80936789>	"Colletotrichum graminicola"^^<http://www.w3.org/2001/XMLSchema#string>	"hasHost"^^<http://www.w3.org/2001/XMLSchema#string>	<http://www.wikidata.org/entity/Q10887953>	"Brachiaria brizantha"^^<http://www.w3.org/2001/XMLSchema#string>	"allelopathOf"^^<http://www.w3.org/2001/XMLSchema#string>	<http://www.wikidata.org/entity/Q11575>	"Zea mays L."^^<http://www.w3.org/2001/XMLSchema#string>	"hasHost"^^<http://www.w3.org/2001/XMLSchema#string>		"10.1002/ps.6261"^^<http://www.w3.org/2001/XMLSchema#string>	
<http://www.wikidata.org/entity/Q80936789>	"Colletotrichum graminicola"^^<http://www.w3.org/2001/XMLSchema#string>	"hasHost"^^<http://www.w3.org/2001/XMLSchema#string>	<http://www.wikidata.org/entity/Q15509798>	"Brachiaria decumbens"^^<http://www.w3.org/2001/XMLSchema#string>	"allelopathOf"^^<http://www.w3.org/2001/XMLSchema#string>	<http://www.wikidata.org/entity/Q11575>	"Zea mays L."^^<http://www.w3.org/2001/XMLSchema#string>	"hasHost"^^<http://www.w3.org/2001/XMLSchema#string>		"10.1002/ps.6261"^^<http://www.w3.org/2001/XMLSchema#string>	
<http://www.wikidata.org/entity/Q84822892>	"Sphaerellopsis filum"^^<http://www.w3.org/2001/XMLSchema#string>	"hasHost"^^<http://www.w3.org/2001/XMLSchema#string>	<http://www.wikidata.org/entity/Q1310367>	"Puccinia coronata"^^<http://www.w3.org/2001/XMLSchema#string>	"allelopathOf"^^<http://www.w3.org/2001/XMLSchema#string>	<http://www.wikidata.org/entity/Q161722>	"Lolium perenne"^^<http://www.w3.org/2001/XMLSchema#string>	"hasHost"^^<http://www.w3.org/2001/XMLSchema#string>		"10.5962/bhl.title.85562"^^<http://www.w3.org/2001/XMLSchema#string>	
<http://www.wikidata.org/entity/Q84822892>	"Sphaerellopsis filum"^^<http://www.w3.org/2001/XMLSchema#string>	"hasHost"^^<http://www.w3.org/2001/XMLSchema#string>	<http://www.wikidata.org/entity/Q1342327>	"Puccinia graminis"^^<http://www.w3.org/2001/XMLSchema#string>	"allelopathOf"^^<http://www.w3.org/2001/XMLSchema#string>	<http://www.wikidata.org/entity/Q161674>	"Hordeum murinum"^^<http://www.w3.org/2001/XMLSchema#string>	"hasHost"^^<http://www.w3.org/2001/XMLSchema#string>		"10.5962/bhl.title.85562"^^<http://www.w3.org/2001/XMLSchema#string>	
<http://www.wikidata.org/entity/Q84822892>	"Sphaerellopsis filum"^^<http://www.w3.org/2001/XMLSchema#string>	"hasHost"^^<http://www.w3.org/2001/XMLSchema#string>	<http://www.wikidata.org/entity/Q1342327>	"Puccinia graminis"^^<http://www.w3.org/2001/XMLSchema#string>	"allelopathOf"^^<http://www.w3.org/2001/XMLSchema#string>	<http://www.wikidata.org/entity/Q161735>	"Dactylis glomerata"^^<http://www.w3.org/2001/XMLSchema#string>	"hasHost"^^<http://www.w3.org/2001/XMLSchema#string>		"10.5962/bhl.title.85562"^^<http://www.w3.org/2001/XMLSchema#string>	
<http://www.wikidata.org/entity/Q84822892>	"Sphaerellopsis filum"^^<http://www.w3.org/2001/XMLSchema#string>	"hasHost"^^<http://www.w3.org/2001/XMLSchema#string>	<http://www.wikidata.org/entity/Q1342327>	"Puccinia graminis"^^<http://www.w3.org/2001/XMLSchema#string>	"allelopathOf"^^<http://www.w3.org/2001/XMLSchema#string>	<http://www.wikidata.org/entity/Q4118139>	"Agropyron desertorum"^^<http://www.w3.org/2001/XMLSchema#string>	"hasHost"^^<http://www.w3.org/2001/XMLSchema#string>		"10.5962/bhl.title.85562"^^<http://www.w3.org/2001/XMLSchema#string>	
<http://www.wikidata.org/entity/Q84822892>	"Sphaerellopsis filum"^^<http://www.w3.org/2001/XMLSchema#string>	"hasHost"^^<http://www.w3.org/2001/XMLSchema#string>	<http://www.wikidata.org/entity/Q1342327>	"Puccinia graminis"^^<http://www.w3.org/2001/XMLSchema#string>	"allelopathOf"^^<http://www.w3.org/2001/XMLSchema#string>	<http://www.wikidata.org/entity/Q87639089>	"Poa canbyi"^^<http://www.w3.org/2001/XMLSchema#string>	"hasHost"^^<http://www.w3.org/2001/XMLSchema#string>		"10.5962/bhl.title.85562"^^<http://www.w3.org/2001/XMLSchema#string>	
<http://www.wikidata.org/entity/Q84822892>	"Sphaerellopsis filum"^^<http://www.w3.org/2001/XMLSchema#string>	"hasHost"^^<http://www.w3.org/2001/XMLSchema#string>	<http://www.wikidata.org/entity/Q1342327>	"Puccinia graminis"^^<http://www.w3.org/2001/XMLSchema#string>	"allelopathOf"^^<http://www.w3.org/2001/XMLSchema#string>	<http://www.wikidata.org/entity/Q87639089>	"Poa secunda"^^<http://www.w3.org/2001/XMLSchema#string>	"hasHost"^^<http://www.w3.org/2001/XMLSchema#string>		"10.5962/bhl.title.85562"^^<http://www.w3.org/2001/XMLSchema#string>	
<http://www.wikidata.org/entity/Q84831668>	"Exserohilum rostratum"^^<http://www.w3.org/2001/XMLSchema#string>	"hasHost"^^<http://www.w3.org/2001/XMLSchema#string>	<http://www.wikidata.org/entity/Q15509403>	"Brachiaria ruziziensis"^^<http://www.w3.org/2001/XMLSchema#string>	"allelopathOf"^^<http://www.w3.org/2001/XMLSchema#string>	<http://www.wikidata.org/entity/Q11575>	"Zea mays L."^^<http://www.w3.org/2001/XMLSchema#string>	"hasHost"^^<http://www.w3.org/2001/XMLSchema#string>		"10.1002/ps.6261"^^<http://www.w3.org/2001/XMLSchema#string>	
<http://www.wikidata.org/entity/Q84855053>	"Phoma sorghina"^^<http://www.w3.org/2001/XMLSchema#string>	"hasHost"^^<http://www.w3.org/2001/XMLSchema#string>	<http://www.wikidata.org/entity/Q15509798>	"Brachiaria decumbens"^^<http://www.w3.org/2001/XMLSchema#string>	"allelopathOf"^^<http://www.w3.org/2001/XMLSchema#string>	<http://www.wikidata.org/entity/Q11575>	"Zea mays L."^^<http://www.w3.org/2001/XMLSchema#string>	"hasHost"^^<http://www.w3.org/2001/XMLSchema#string>		"10.1002/ps.6261"^^<http://www.w3.org/2001/XMLSchema#string>	
